Brand,Model,Transmission,Fuel type,Year of Manufacture,median_price,count,min_year,max_year
Daihatsu,Mira,Automatic,Petrol,2006,4495000.0,1.0,2006.0,2025.0
Daihatsu,Mira,Automatic,Petrol,2007,6261428.571017152,0.0,,
Daihatsu,Mira,Automatic,Petrol,2008,6261428.571054554,0.0,,
Daihatsu,Mira,Automatic,Petrol,2009,6261428.5710919555,0.0,,
Daihatsu,Mira,Automatic,Petrol,2010,6261428.571129357,0.0,,
Daihatsu,Mira,Automatic,Petrol,2011,6261428.571166759,0.0,,
Daihatsu,Mira,Automatic,Petrol,2012,6261428.571204161,0.0,,
Daihatsu,Mira,Automatic,Petrol,2013,6261428.571241562,0.0,,
Daihatsu,Mira,Automatic,Petrol,2014,6261428.571278964,0.0,,
Daihatsu,Mira,Automatic,Petrol,2015,5690000.0,3.0,2006.0,2025.0
Daihatsu,Mira,Automatic,Petrol,2016,5450000.0,3.0,2006.0,2025.0
Daihatsu,Mira,Automatic,Petrol,2017,5950000.0,3.0,2006.0,2025.0
Daihatsu,Mira,Automatic,Petrol,2018,6261428.571428572,0.0,,
Daihatsu,Mira,Automatic,Petrol,2019,6261428.571465973,0.0,,
Daihatsu,Mira,Automatic,Petrol,2020,6261428.571503375,0.0,,
Daihatsu,Mira,Automatic,Petrol,2021,6261428.571540777,0.0,,
Daihatsu,Mira,Automatic,Petrol,2022,6261428.571578179,0.0,,
Daihatsu,Mira,Automatic,Petrol,2023,6950000.0,23.0,2006.0,2025.0
Daihatsu,Mira,Automatic,Petrol,2024,7320000.0,8.0,2006.0,2025.0
Daihatsu,Mira,Automatic,Petrol,2025,7975000.0,2.0,2006.0,2025.0
Daihatsu,Other Model,Automatic,Petrol,2023,8900000.0,3.0,2023.0,2025.0
Daihatsu,Other Model,Automatic,Petrol,2024,9450000.0,17.0,2023.0,2025.0
Daihatsu,Other Model,Automatic,Petrol,2025,10345000.0,2.0,2023.0,2025.0
Honda,Vezel,Tiptronic,Hybrid,2018,14500000.0,1.0,2018.0,2025.0
Honda,Vezel,Tiptronic,Hybrid,2019,20399999.99999049,0.0,,
Honda,Vezel,Tiptronic,Hybrid,2020,20399999.999993205,0.0,,
Honda,Vezel,Tiptronic,Hybrid,2021,20399999.999995925,0.0,,
Honda,Vezel,Tiptronic,Hybrid,2022,20399999.99999864,0.0,,
Honda,Vezel,Tiptronic,Hybrid,2023,22950000.0,5.0,2018.0,2025.0
Honda,Vezel,Tiptronic,Hybrid,2024,23150000.0,6.0,2018.0,2025.0
Honda,Vezel,Tiptronic,Hybrid,2025,21000000.0,2.0,2018.0,2025.0
Hyundai,Accent,Automatic,Petrol,2001,2450000.0,3.0,2001.0,2001.0
Hyundai,Accent,Manual,Petrol,2000,2400000.0,1.0,2000.0,2006.0
Hyundai,Accent,Manual,Petrol,2001,2400000.0,5.0,2000.0,2006.0
Hyundai,Accent,Manual,Petrol,2002,2285000.000015954,0.0,,
Hyundai,Accent,Manual,Petrol,2003,2284999.999968092,0.0,,
Hyundai,Accent,Manual,Petrol,2004,2284999.99992023,0.0,,
Hyundai,Accent,Manual,Petrol,2005,2284999.999872368,0.0,,
Hyundai,Accent,Manual,Petrol,2006,2055000.0,2.0,2000.0,2006.0
Hyundai,Grand i10,Automatic,Petrol,2016,5625000.0,1.0,2016.0,2024.0
Hyundai,Grand i10,Automatic,Petrol,2017,6025000.0,2.0,2016.0,2024.0
Hyundai,Grand i10,Automatic,Petrol,2018,6500000.0,1.0,2016.0,2024.0
Hyundai,Grand i10,Automatic,Petrol,2019,7117999.799993256,0.0,,
Hyundai,Grand i10,Automatic,Petrol,2020,7117999.800004495,0.0,,
Hyundai,Grand i10,Automatic,Petrol,2021,7117999.8000157345,0.0,,
Hyundai,Grand i10,Automatic,Petrol,2022,7117999.800026973,0.0,,
Hyundai,Grand i10,Automatic,Petrol,2023,8000000.0,1.0,2016.0,2024.0
Hyundai,Grand i10,Automatic,Petrol,2024,9439999.0,7.0,2016.0,2024.0
Hyundai,Grand i10,Tiptronic,Petrol,2016,6550000.0,1.0,2016.0,2025.0
Hyundai,Grand i10,Tiptronic,Petrol,2017,6200000.0,1.0,2016.0,2025.0
Hyundai,Grand i10,Tiptronic,Petrol,2018,7907499.999974252,0.0,,
Hyundai,Grand i10,Tiptronic,Petrol,2019,7907499.999984551,0.0,,
Hyundai,Grand i10,Tiptronic,Petrol,2020,7907499.999994851,0.0,,
Hyundai,Grand i10,Tiptronic,Petrol,2021,7907500.00000515,0.0,,
Hyundai,Grand i10,Tiptronic,Petrol,2022,7907500.000015449,0.0,,
Hyundai,Grand i10,Tiptronic,Petrol,2023,7907500.000025748,0.0,,
Hyundai,Grand i10,Tiptronic,Petrol,2024,9440000.0,5.0,2016.0,2025.0
Hyundai,Grand i10,Tiptronic,Petrol,2025,9440000.0,5.0,2016.0,2025.0
Hyundai,Other Model,Automatic,Petrol,2000,2200000.0,1.0,2000.0,2017.0
Hyundai,Other Model,Automatic,Petrol,2001,2495000.0,1.0,2000.0,2017.0
Hyundai,Other Model,Automatic,Petrol,2002,5231666.666643768,0.0,,
Hyundai,Other Model,Automatic,Petrol,2003,5231666.666649492,0.0,,
Hyundai,Other Model,Automatic,Petrol,2004,5231666.666655217,0.0,,
Hyundai,Other Model,Automatic,Petrol,2005,5231666.666660942,0.0,,
Hyundai,Other Model,Automatic,Petrol,2006,5231666.666666667,0.0,,
Hyundai,Other Model,Automatic,Petrol,2007,5231666.666672392,0.0,,
Hyundai,Other Model,Automatic,Petrol,2008,5231666.666678117,0.0,,
Hyundai,Other Model,Automatic,Petrol,2009,5231666.6666838415,0.0,,
Hyundai,Other Model,Automatic,Petrol,2010,5231666.666689566,0.0,,
Hyundai,Other Model,Automatic,Petrol,2011,5231666.666695291,0.0,,
Hyundai,Other Model,Automatic,Petrol,2012,5231666.666701016,0.0,,
Hyundai,Other Model,Automatic,Petrol,2013,5231666.666706741,0.0,,
Hyundai,Other Model,Automatic,Petrol,2014,5231666.666712466,0.0,,
Hyundai,Other Model,Automatic,Petrol,2015,5231666.666718191,0.0,,
Hyundai,Other Model,Automatic,Petrol,2016,5231666.666723915,0.0,,
Hyundai,Other Model,Automatic,Petrol,2017,11000000.0,1.0,2000.0,2017.0
Hyundai,Other Model,Manual,Petrol,2003,2175000.0,1.0,2003.0,2003.0
Hyundai,Santa Fe,Automatic,Diesel,2014,15125000.0,2.0,2014.0,2014.0
Hyundai,Santa Fe,Automatic,Hybrid,2025,35500000.0,1.0,2025.0,2025.0
Hyundai,Santa Fe,Automatic,Petrol,2004,3950000.0,1.0,2004.0,2004.0
Hyundai,Santa Fe,Manual,Petrol,2007,7500000.0,1.0,2007.0,2007.0
Hyundai,Santa Fe,Tiptronic,Diesel,2008,7250000.0,1.0,2008.0,2008.0
Hyundai,Santa Fe,Tiptronic,Hybrid,2025,35500000.0,11.0,2025.0,2025.0
Hyundai,Santa Fe,Tiptronic,Petrol,2025,35500000.0,2.0,2025.0,2025.0
Kia,Other Model,Manual,Petrol,2000,1275000.0,1.0,2000.0,2000.0
Kia,Sorento,Automatic,Diesel,2008,6700000.0,1.0,2008.0,2018.0
Kia,Sorento,Automatic,Diesel,2009,17853571.428561553,0.0,,
Kia,Sorento,Automatic,Diesel,2010,17853571.42856402,0.0,,
Kia,Sorento,Automatic,Diesel,2011,12875000.0,4.0,2008.0,2018.0
Kia,Sorento,Automatic,Diesel,2012,14000000.0,2.0,2008.0,2018.0
Kia,Sorento,Automatic,Diesel,2013,17500000.0,1.0,2008.0,2018.0
Kia,Sorento,Automatic,Diesel,2014,16000000.0,1.0,2008.0,2018.0
Kia,Sorento,Automatic,Diesel,2015,24900000.0,4.0,2008.0,2018.0
Kia,Sorento,Automatic,Diesel,2016,17853571.428578835,0.0,,
Kia,Sorento,Automatic,Diesel,2017,17853571.428581305,0.0,,
Kia,Sorento,Automatic,Diesel,2018,33000000.0,1.0,2008.0,2018.0
Kia,Sorento,Automatic,Petrol,2011,12000000.0,3.0,2011.0,2011.0
Kia,Sorento,Tiptronic,Diesel,2012,13500000.0,1.0,2012.0,2017.0
Kia,Sorento,Tiptronic,Diesel,2013,17500000.0,1.0,2012.0,2017.0
Kia,Sorento,Tiptronic,Diesel,2014,17200000.0,3.0,2012.0,2017.0
Kia,Sorento,Tiptronic,Diesel,2015,21540000.000000786,0.0,,
Kia,Sorento,Tiptronic,Diesel,2016,29500000.0,1.0,2012.0,2017.0
Kia,Sorento,Tiptronic,Diesel,2017,30000000.0,1.0,2012.0,2017.0
Kia,Sportage,Automatic,Diesel,2007,6750000.0,1.0,2007.0,2015.0
Kia,Sportage,Automatic,Diesel,2008,10199999.999987189,0.0,,
Kia,Sportage,Automatic,Diesel,2009,10199999.999991031,0.0,,
Kia,Sportage,Automatic,Diesel,2010,10199999.999994876,0.0,,
Kia,Sportage,Automatic,Diesel,2011,10199999.999998719,0.0,,
Kia,Sportage,Automatic,Diesel,2012,11750000.0,1.0,2007.0,2015.0
Kia,Sportage,Automatic,Diesel,2013,10200000.000006406,0.0,,
Kia,Sportage,Automatic,Diesel,2014,10200000.000010248,0.0,,
Kia,Sportage,Automatic,Diesel,2015,12100000.0,2.0,2007.0,2015.0
Kia,Sportage,Automatic,Petrol,2000,2950000.0,1.0,2000.0,2016.0
Kia,Sportage,Automatic,Petrol,2001,9534999.999952141,0.0,,
Kia,Sportage,Automatic,Petrol,2002,9534999.999957612,0.0,,
Kia,Sportage,Automatic,Petrol,2003,9534999.99996308,0.0,,
Kia,Sportage,Automatic,Petrol,2004,9534999.999968551,0.0,,
Kia,Sportage,Automatic,Petrol,2005,9534999.99997402,0.0,,
Kia,Sportage,Automatic,Petrol,2006,9534999.99997949,0.0,,
Kia,Sportage,Automatic,Petrol,2007,9534999.99998496,0.0,,
Kia,Sportage,Automatic,Petrol,2008,9534999.99999043,0.0,,
Kia,Sportage,Automatic,Petrol,2009,9534999.999995898,0.0,,
Kia,Sportage,Automatic,Petrol,2010,9535000.000001369,0.0,,
Kia,Sportage,Automatic,Petrol,2011,10290000.0,12.0,2000.0,2016.0
Kia,Sportage,Automatic,Petrol,2012,10000000.0,1.0,2000.0,2016.0
Kia,Sportage,Automatic,Petrol,2013,9535000.000017777,0.0,,
Kia,Sportage,Automatic,Petrol,2014,9535000.000023246,0.0,,
Kia,Sportage,Automatic,Petrol,2015,9535000.000028716,0.0,,
Kia,Sportage,Automatic,Petrol,2016,14900000.0,1.0,2000.0,2016.0
Kia,Sportage,Manual,Petrol,2011,9000000.0,1.0,2011.0,2011.0
Kia,Sportage,Tiptronic,Petrol,2011,10500000.0,1.0,2011.0,2011.0
Mahindra,KUV 100,Automatic,Diesel,2024,6495000.0,6.0,2024.0,2025.0
Mahindra,KUV 100,Automatic,Diesel,2025,6495000.0,62.0,2024.0,2025.0
Mahindra,KUV 100,Manual,Petrol,2020,5250000.0,1.0,2020.0,2022.0
Mahindra,KUV 100,Manual,Petrol,2021,5747500.0,2.0,2020.0,2022.0
Mahindra,KUV 100,Manual,Petrol,2022,6275000.0,3.0,2020.0,2022.0
Mazda,Other Model,Manual,Petrol,1995,1446000.0,1.0,1995.0,2007.0
Mazda,Other Model,Manual,Petrol,1996,3660499.9999729055,0.0,,
Mazda,Other Model,Manual,Petrol,1997,3660499.9999783244,0.0,,
Mazda,Other Model,Manual,Petrol,1998,3660499.9999837433,0.0,,
Mazda,Other Model,Manual,Petrol,1999,3660499.999989162,0.0,,
Mazda,Other Model,Manual,Petrol,2000,3660499.999994581,0.0,,
Mazda,Other Model,Manual,Petrol,2001,3660500.0,0.0,,
Mazda,Other Model,Manual,Petrol,2002,3660500.000005419,0.0,,
Mazda,Other Model,Manual,Petrol,2003,3660500.0000108373,0.0,,
Mazda,Other Model,Manual,Petrol,2004,3660500.0000162562,0.0,,
Mazda,Other Model,Manual,Petrol,2005,3660500.000021675,0.0,,
Mazda,Other Model,Manual,Petrol,2006,3660500.000027094,0.0,,
Mazda,Other Model,Manual,Petrol,2007,5875000.0,1.0,1995.0,2007.0
Mazda,Other Model,Tiptronic,Petrol,2009,7200000.0,1.0,2009.0,2009.0
Micro,Other Model,Automatic,Petrol,2023,18400000.0,3.0,2023.0,2023.0
Micro,Other Model,Manual,Petrol,2008,1600000.0,1.0,2008.0,2011.0
Micro,Other Model,Manual,Petrol,2009,1724999.9999879983,0.0,,
Micro,Other Model,Manual,Petrol,2010,1725000.000012002,0.0,,
Micro,Other Model,Manual,Petrol,2011,1850000.0,1.0,2008.0,2011.0
Micro,Panda,Manual,Petrol,2011,2175000.0,4.0,2011.0,2017.0
Micro,Panda,Manual,Petrol,2012,2477500.0,2.0,2011.0,2017.0
Micro,Panda,Manual,Petrol,2013,2707500.0,2.0,2011.0,2017.0
Micro,Panda,Manual,Petrol,2014,2847500.0,2.0,2011.0,2017.0
Micro,Panda,Manual,Petrol,2015,2895000.0,11.0,2011.0,2017.0
Micro,Panda,Manual,Petrol,2016,2900000.0,3.0,2011.0,2017.0
Micro,Panda,Manual,Petrol,2017,3190000.0,1.0,2011.0,2017.0
Micro,Rexton,Automatic,Diesel,2008,7700000.0,4.0,2008.0,2016.0
Micro,Rexton,Automatic,Diesel,2009,11841666.666652149,0.0,,
Micro,Rexton,Automatic,Diesel,2010,11841666.666655777,0.0,,
Micro,Rexton,Automatic,Diesel,2011,11841666.666659407,0.0,,
Micro,Rexton,Automatic,Diesel,2012,11841666.666663038,0.0,,
Micro,Rexton,Automatic,Diesel,2013,11841666.666666666,0.0,,
Micro,Rexton,Automatic,Diesel,2014,11841666.666670296,0.0,,
Micro,Rexton,Automatic,Diesel,2015,13825000.0,2.0,2008.0,2016.0
Micro,Rexton,Automatic,Diesel,2016,14000000.0,2.0,2008.0,2016.0
Micro,Rexton,Tiptronic,Diesel,2008,7250000.0,1.0,2008.0,2009.0
Micro,Rexton,Tiptronic,Diesel,2009,7900000.0,1.0,2008.0,2009.0
Mitsubishi,Eclipse Cross,Automatic,Petrol,2018,16950000.0,2.0,2018.0,2024.0
Mitsubishi,Eclipse Cross,Automatic,Petrol,2019,17492500.0,4.0,2018.0,2024.0
Mitsubishi,Eclipse Cross,Automatic,Petrol,2020,18600000.0,2.0,2018.0,2024.0
Mitsubishi,Eclipse Cross,Automatic,Petrol,2021,18848500.00000138,0.0,,
Mitsubishi,Eclipse Cross,Automatic,Petrol,2022,18848500.000008285,0.0,,
Mitsubishi,Eclipse Cross,Automatic,Petrol,2023,19700000.0,2.0,2018.0,2024.0
Mitsubishi,Eclipse Cross,Automatic,Petrol,2024,21500000.0,1.0,2018.0,2024.0
Mitsubishi,Eclipse Cross,Manual,Petrol,2018,19500000.0,1.0,2018.0,2018.0
Mitsubishi,Eclipse Cross,Tiptronic,Petrol,2018,15990000.0,3.0,2018.0,2023.0
Mitsubishi,Eclipse Cross,Tiptronic,Petrol,2019,19000000.0,1.0,2018.0,2023.0
Mitsubishi,Eclipse Cross,Tiptronic,Petrol,2020,18830000.0,0.0,,
Mitsubishi,Eclipse Cross,Tiptronic,Petrol,2021,18830000.000002664,0.0,,
Mitsubishi,Eclipse Cross,Tiptronic,Petrol,2022,18830000.000005327,0.0,,
Mitsubishi,Eclipse Cross,Tiptronic,Petrol,2023,21500000.0,1.0,2018.0,2023.0
Mitsubishi,Lancer,Automatic,Petrol,2010,11200000.0,1.0,2010.0,2014.0
Mitsubishi,Lancer,Automatic,Petrol,2011,16590000.0,1.0,2010.0,2014.0
Mitsubishi,Lancer,Automatic,Petrol,2012,7400000.0,1.0,2010.0,2014.0
Mitsubishi,Lancer,Automatic,Petrol,2013,13695000.000000779,0.0,,
Mitsubishi,Lancer,Automatic,Petrol,2014,19590000.0,1.0,2010.0,2014.0
Mitsubishi,Lancer,Manual,Petrol,1995,1250000.0,3.0,1995.0,2020.0
Mitsubishi,Lancer,Manual,Petrol,1996,630000.0,1.0,1995.0,2020.0
Mitsubishi,Lancer,Manual,Petrol,1997,5348636.363620168,0.0,,
Mitsubishi,Lancer,Manual,Petrol,1998,1800000.0,1.0,1995.0,2020.0
Mitsubishi,Lancer,Manual,Petrol,1999,3800000.0,1.0,1995.0,2020.0
Mitsubishi,Lancer,Manual,Petrol,2000,2950000.0,2.0,1995.0,2020.0
Mitsubishi,Lancer,Manual,Petrol,2001,5600000.0,1.0,1995.0,2020.0
Mitsubishi,Lancer,Manual,Petrol,2002,5348636.363634307,0.0,,
Mitsubishi,Lancer,Manual,Petrol,2003,12750000.0,1.0,1995.0,2020.0
Mitsubishi,Lancer,Manual,Petrol,2004,5348636.363639963,0.0,,
Mitsubishi,Lancer,Manual,Petrol,2005,8575000.0,2.0,1995.0,2020.0
Mitsubishi,Lancer,Manual,Petrol,2006,14500000.0,1.0,1995.0,2020.0
Mitsubishi,Lancer,Manual,Petrol,2007,6000000.0,1.0,1995.0,2020.0
Mitsubishi,Lancer,Manual,Petrol,2008,5348636.363651274,0.0,,
Mitsubishi,Lancer,Manual,Petrol,2009,5348636.363654102,0.0,,
Mitsubishi,Lancer,Manual,Petrol,2010,5348636.36365693,0.0,,
Mitsubishi,Lancer,Manual,Petrol,2011,5348636.363659758,0.0,,
Mitsubishi,Lancer,Manual,Petrol,2012,5348636.363662586,0.0,,
Mitsubishi,Lancer,Manual,Petrol,2013,5348636.363665413,0.0,,
Mitsubishi,Lancer,Manual,Petrol,2014,5348636.363668242,0.0,,
Mitsubishi,Lancer,Manual,Petrol,2015,5348636.363671069,0.0,,
Mitsubishi,Lancer,Manual,Petrol,2016,5348636.3636738965,0.0,,
Mitsubishi,Lancer,Manual,Petrol,2017,5348636.363676725,0.0,,
Mitsubishi,Lancer,Manual,Petrol,2018,5348636.363679552,0.0,,
Mitsubishi,Lancer,Manual,Petrol,2019,5348636.363682381,0.0,,
Mitsubishi,Lancer,Manual,Petrol,2020,980000.0,1.0,1995.0,2020.0
Mitsubishi,Montero,Automatic,Diesel,2000,16500000.0,1.0,2000.0,2017.0
Mitsubishi,Montero,Automatic,Diesel,2001,21162727.27264319,0.0,,
Mitsubishi,Montero,Automatic,Diesel,2002,15900000.0,1.0,2000.0,2017.0
Mitsubishi,Montero,Automatic,Diesel,2003,14950000.0,1.0,2000.0,2017.0
Mitsubishi,Montero,Automatic,Diesel,2004,21162727.27267122,0.0,,
Mitsubishi,Montero,Automatic,Diesel,2005,21162727.272680562,0.0,,
Mitsubishi,Montero,Automatic,Diesel,2006,21162727.2726899,0.0,,
Mitsubishi,Montero,Automatic,Diesel,2007,18700000.0,2.0,2000.0,2017.0
Mitsubishi,Montero,Automatic,Diesel,2008,21162727.272708587,0.0,,
Mitsubishi,Montero,Automatic,Diesel,2009,21162727.27271793,0.0,,
Mitsubishi,Montero,Automatic,Diesel,2010,21162727.272727273,0.0,,
Mitsubishi,Montero,Automatic,Diesel,2011,16390000.0,3.0,2000.0,2017.0
Mitsubishi,Montero,Automatic,Diesel,2012,16850000.0,5.0,2000.0,2017.0
Mitsubishi,Montero,Automatic,Diesel,2013,26000000.0,7.0,2000.0,2017.0
Mitsubishi,Montero,Automatic,Diesel,2014,25000000.0,1.0,2000.0,2017.0
Mitsubishi,Montero,Automatic,Diesel,2015,29500000.0,4.0,2000.0,2017.0
Mitsubishi,Montero,Automatic,Diesel,2016,23500000.0,1.0,2000.0,2017.0
Mitsubishi,Montero,Automatic,Diesel,2017,29500000.0,1.0,2000.0,2017.0
Mitsubishi,Montero,Automatic,Petrol,2001,11900000.0,1.0,2001.0,2016.0
Mitsubishi,Montero,Automatic,Petrol,2002,14940000.0,1.0,2001.0,2016.0
Mitsubishi,Montero,Automatic,Petrol,2003,12887500.0,4.0,2001.0,2016.0
Mitsubishi,Montero,Automatic,Petrol,2004,13200000.0,1.0,2001.0,2016.0
Mitsubishi,Montero,Automatic,Petrol,2005,15165000.0,2.0,2001.0,2016.0
Mitsubishi,Montero,Automatic,Petrol,2006,13950000.0,1.0,2001.0,2016.0
Mitsubishi,Montero,Automatic,Petrol,2007,19250000.0,4.0,2001.0,2016.0
Mitsubishi,Montero,Automatic,Petrol,2008,17161562.500011288,0.0,,
Mitsubishi,Montero,Automatic,Petrol,2009,17161562.500015803,0.0,,
Mitsubishi,Montero,Automatic,Petrol,2010,17161562.500020318,0.0,,
Mitsubishi,Montero,Automatic,Petrol,2011,17161562.500024833,0.0,,
Mitsubishi,Montero,Automatic,Petrol,2012,17161562.500029348,0.0,,
Mitsubishi,Montero,Automatic,Petrol,2013,17161562.500033863,0.0,,
Mitsubishi,Montero,Automatic,Petrol,2014,17161562.500038378,0.0,,
Mitsubishi,Montero,Automatic,Petrol,2015,17161562.500042893,0.0,,
Mitsubishi,Montero,Automatic,Petrol,2016,36000000.0,1.0,2001.0,2016.0
Mitsubishi,Montero,Manual,Diesel,2001,11500000.0,1.0,2001.0,2015.0
Mitsubishi,Montero,Manual,Diesel,2002,19849999.999976024,0.0,,
Mitsubishi,Montero,Manual,Diesel,2003,19849999.99997915,0.0,,
Mitsubishi,Montero,Manual,Diesel,2004,19849999.99998228,0.0,,
Mitsubishi,Montero,Manual,Diesel,2005,19849999.999985404,0.0,,
Mitsubishi,Montero,Manual,Diesel,2006,19849999.999988534,0.0,,
Mitsubishi,Montero,Manual,Diesel,2007,19849999.99999166,0.0,,
Mitsubishi,Montero,Manual,Diesel,2008,19849999.99999479,0.0,,
Mitsubishi,Montero,Manual,Diesel,2009,19849999.999997914,0.0,,
Mitsubishi,Montero,Manual,Diesel,2010,19850000.000001043,0.0,,
Mitsubishi,Montero,Manual,Diesel,2011,19850000.00000417,0.0,,
Mitsubishi,Montero,Manual,Diesel,2012,19850000.000007298,0.0,,
Mitsubishi,Montero,Manual,Diesel,2013,23500000.0,1.0,2001.0,2015.0
Mitsubishi,Montero,Manual,Diesel,2014,19850000.000013553,0.0,,
Mitsubishi,Montero,Manual,Diesel,2015,24550000.0,1.0,2001.0,2015.0
Mitsubishi,Montero,Tiptronic,Diesel,2001,15500000.0,1.0,2001.0,2015.0
Mitsubishi,Montero,Tiptronic,Diesel,2002,22612499.999971338,0.0,,
Mitsubishi,Montero,Tiptronic,Diesel,2003,22612499.999974776,0.0,,
Mitsubishi,Montero,Tiptronic,Diesel,2004,22612499.999978215,0.0,,
Mitsubishi,Montero,Tiptronic,Diesel,2005,22612499.999981657,0.0,,
Mitsubishi,Montero,Tiptronic,Diesel,2006,22612499.999985095,0.0,,
Mitsubishi,Montero,Tiptronic,Diesel,2007,18500000.0,1.0,2001.0,2015.0
Mitsubishi,Montero,Tiptronic,Diesel,2008,22612499.999991972,0.0,,
Mitsubishi,Montero,Tiptronic,Diesel,2009,22612499.999995414,0.0,,
Mitsubishi,Montero,Tiptronic,Diesel,2010,22612499.999998853,0.0,,
Mitsubishi,Montero,Tiptronic,Diesel,2011,22612500.00000229,0.0,,
Mitsubishi,Montero,Tiptronic,Diesel,2012,15775000.0,2.0,2001.0,2015.0
Mitsubishi,Montero,Tiptronic,Diesel,2013,25800000.0,3.0,2001.0,2015.0
Mitsubishi,Montero,Tiptronic,Diesel,2014,27600000.0,2.0,2001.0,2015.0
Mitsubishi,Montero,Tiptronic,Diesel,2015,32500000.0,2.0,2001.0,2015.0
Mitsubishi,Montero,Tiptronic,Petrol,2004,13500000.0,1.0,2004.0,2006.0
Mitsubishi,Montero,Tiptronic,Petrol,2005,13700000.0,0.0,,
Mitsubishi,Montero,Tiptronic,Petrol,2006,13900000.0,1.0,2004.0,2006.0
Mitsubishi,Other Model,Automatic,Diesel,2012,15900000.0,1.0,2012.0,2012.0
Mitsubishi,Other Model,Automatic,Petrol,2000,5600000.0,1.0,2000.0,2001.0
Mitsubishi,Other Model,Automatic,Petrol,2001,2875000.0,1.0,2000.0,2001.0
Mitsubishi,Other Model,Manual,Petrol,2002,2500000.0,1.0,2002.0,2002.0
Mitsubishi,Other Model,Tiptronic,Diesel,2024,28500000.0,1.0,2024.0,2024.0
Mitsubishi,Outlander,Automatic,Hybrid,2013,13250000.0,3.0,2013.0,2024.0
Mitsubishi,Outlander,Automatic,Hybrid,2014,13475000.0,4.0,2013.0,2024.0
Mitsubishi,Outlander,Automatic,Hybrid,2015,15400000.0,6.0,2013.0,2024.0
Mitsubishi,Outlander,Automatic,Hybrid,2016,19850000.0,1.0,2013.0,2024.0
Mitsubishi,Outlander,Automatic,Hybrid,2017,20835000.000001073,0.0,,
Mitsubishi,Outlander,Automatic,Hybrid,2018,20835000.000002857,0.0,,
Mitsubishi,Outlander,Automatic,Hybrid,2019,20835000.00000464,0.0,,
Mitsubishi,Outlander,Automatic,Hybrid,2020,20835000.00000643,0.0,,
Mitsubishi,Outlander,Automatic,Hybrid,2021,20835000.000008214,0.0,,
Mitsubishi,Outlander,Automatic,Hybrid,2022,20835000.00001,0.0,,
Mitsubishi,Outlander,Automatic,Hybrid,2023,20835000.000011787,0.0,,
Mitsubishi,Outlander,Automatic,Hybrid,2024,42200000.0,1.0,2013.0,2024.0
Mitsubishi,Outlander,Automatic,Petrol,2012,12400000.0,1.0,2012.0,2015.0
Mitsubishi,Outlander,Automatic,Petrol,2013,13616666.666664032,0.0,,
Mitsubishi,Outlander,Automatic,Petrol,2014,13750000.0,2.0,2012.0,2015.0
Mitsubishi,Outlander,Automatic,Petrol,2015,14700000.0,1.0,2012.0,2015.0
Mitsubishi,Outlander,Tiptronic,Hybrid,2015,16000000.0,1.0,2015.0,2015.0
Nissan,AD Wagon,Automatic,Diesel,1997,2500000.0,1.0,1997.0,2000.0
Nissan,AD Wagon,Automatic,Diesel,1998,2450000.0000300272,0.0,,
Nissan,AD Wagon,Automatic,Diesel,1999,2449999.999969973,0.0,,
Nissan,AD Wagon,Automatic,Diesel,2000,2400000.0,1.0,1997.0,2000.0
Nissan,AD Wagon,Automatic,Petrol,1997,2290000.0,2.0,1997.0,2002.0
Nissan,AD Wagon,Automatic,Petrol,1998,3009999.999971127,0.0,,
Nissan,AD Wagon,Automatic,Petrol,1999,2950000.0,1.0,1997.0,2002.0
Nissan,AD Wagon,Automatic,Petrol,2000,3010000.000004125,0.0,,
Nissan,AD Wagon,Automatic,Petrol,2001,3300000.0,1.0,1997.0,2002.0
Nissan,AD Wagon,Automatic,Petrol,2002,3500000.0,1.0,1997.0,2002.0
Nissan,AD Wagon,Manual,Petrol,1998,1775000.0,2.0,1998.0,2003.0
Nissan,AD Wagon,Manual,Petrol,1999,1262500.0000146346,0.0,,
Nissan,AD Wagon,Manual,Petrol,2000,1262500.0000048783,0.0,,
Nissan,AD Wagon,Manual,Petrol,2001,1262499.999995122,0.0,,
Nissan,AD Wagon,Manual,Petrol,2002,1262499.9999853657,0.0,,
Nissan,AD Wagon,Manual,Petrol,2003,750000.0,1.0,1998.0,2003.0
Nissan,Dayz,Automatic,Hybrid,2017,5975000.0,1.0,2017.0,2024.0
Nissan,Dayz,Automatic,Hybrid,2018,7674999.9999747565,0.0,,
Nissan,Dayz,Automatic,Hybrid,2019,7674999.999982329,0.0,,
Nissan,Dayz,Automatic,Hybrid,2020,7674999.999989903,0.0,,
Nissan,Dayz,Automatic,Hybrid,2021,7674999.999997476,0.0,,
Nissan,Dayz,Automatic,Hybrid,2022,7675000.00000505,0.0,,
Nissan,Dayz,Automatic,Hybrid,2023,8250000.0,1.0,2017.0,2024.0
Nissan,Dayz,Automatic,Hybrid,2024,8800000.0,2.0,2017.0,2024.0
Nissan,Dayz,Automatic,Petrol,2015,6490000.0,1.0,2015.0,2025.0
Nissan,Dayz,Automatic,Petrol,2016,6350000.0,3.0,2015.0,2025.0
Nissan,Dayz,Automatic,Petrol,2017,6512500.0,2.0,2015.0,2025.0
Nissan,Dayz,Automatic,Petrol,2018,7250000.0,1.0,2015.0,2025.0
Nissan,Dayz,Automatic,Petrol,2019,7061071.428542487,0.0,,
Nissan,Dayz,Automatic,Petrol,2020,7061071.4285830045,0.0,,
Nissan,Dayz,Automatic,Petrol,2021,7061071.428623522,0.0,,
Nissan,Dayz,Automatic,Petrol,2022,7061071.428664039,0.0,,
Nissan,Dayz,Automatic,Petrol,2023,7950000.0,3.0,2015.0,2025.0
Nissan,Dayz,Automatic,Petrol,2024,7475000.0,1.0,2015.0,2025.0
Nissan,Dayz,Automatic,Petrol,2025,7400000.0,1.0,2015.0,2025.0
Nissan,Leaf,Automatic,Electric,2012,6200000.0,3.0,2012.0,2023.0
Nissan,Leaf,Automatic,Electric,2013,5390000.0,3.0,2012.0,2023.0
Nissan,Leaf,Automatic,Electric,2014,5490000.0,1.0,2012.0,2023.0
Nissan,Leaf,Automatic,Electric,2015,4845000.0,2.0,2012.0,2023.0
Nissan,Leaf,Automatic,Electric,2016,8370833.333334151,0.0,,
Nissan,Leaf,Automatic,Electric,2017,8370833.333339059,0.0,,
Nissan,Leaf,Automatic,Electric,2018,12500000.0,1.0,2012.0,2023.0
Nissan,Leaf,Automatic,Electric,2019,8370833.333348875,0.0,,
Nissan,Leaf,Automatic,Electric,2020,8370833.333353783,0.0,,
Nissan,Leaf,Automatic,Electric,2021,8370833.333358691,0.0,,
Nissan,Leaf,Automatic,Electric,2022,8370833.333363599,0.0,,
Nissan,Leaf,Automatic,Electric,2023,15800000.0,1.0,2012.0,2023.0
Nissan,Leaf,Manual,Petrol,2001,1500000.0,1.0,2001.0,2001.0
Nissan,March,Automatic,Petrol,2000,2900000.0,1.0,2000.0,2009.0
Nissan,March,Automatic,Petrol,2001,2962500.0,2.0,2000.0,2009.0
Nissan,March,Automatic,Petrol,2002,3550000.0,1.0,2000.0,2009.0
Nissan,March,Automatic,Petrol,2003,3996249.9999653404,0.0,,
Nissan,March,Automatic,Petrol,2004,3996249.9999884465,0.0,,
Nissan,March,Automatic,Petrol,2005,3996250.000011553,0.0,,
Nissan,March,Automatic,Petrol,2006,3996250.0000346596,0.0,,
Nissan,March,Automatic,Petrol,2007,4590000.0,1.0,2000.0,2009.0
Nissan,March,Automatic,Petrol,2008,4625000.0,2.0,2000.0,2009.0
Nissan,March,Automatic,Petrol,2009,5350000.0,1.0,2000.0,2009.0
Nissan,March,Manual,Petrol,1996,2550000.0,1.0,1996.0,2000.0
Nissan,March,Manual,Petrol,1997,2774999.999982221,0.0,,
Nissan,March,Manual,Petrol,1998,2775000.0,0.0,,
Nissan,March,Manual,Petrol,1999,2775000.0000177794,0.0,,
Nissan,March,Manual,Petrol,2000,3000000.0,1.0,1996.0,2000.0
Nissan,Other Model,Automatic,Diesel,2008,4950000.0,1.0,2008.0,2013.0
Nissan,Other Model,Automatic,Diesel,2009,9574999.999998378,0.0,,
Nissan,Other Model,Automatic,Diesel,2010,9574999.999999458,0.0,,
Nissan,Other Model,Automatic,Diesel,2011,9575000.00000054,0.0,,
Nissan,Other Model,Automatic,Diesel,2012,9575000.00000162,0.0,,
Nissan,Other Model,Automatic,Diesel,2013,14200000.0,1.0,2008.0,2013.0
Nissan,Other Model,Automatic,Hybrid,2024,9850000.0,1.0,2024.0,2024.0
Nissan,Other Model,Automatic,Petrol,2000,2850000.0,1.0,2000.0,2011.0
Nissan,Other Model,Automatic,Petrol,2001,4441666.666619426,0.0,,
Nissan,Other Model,Automatic,Petrol,2002,4441666.666630328,0.0,,
Nissan,Other Model,Automatic,Petrol,2003,4441666.66664123,0.0,,
Nissan,Other Model,Automatic,Petrol,2004,4441666.666652132,0.0,,
Nissan,Other Model,Automatic,Petrol,2005,4675000.0,1.0,2000.0,2011.0
Nissan,Other Model,Automatic,Petrol,2006,4441666.666673935,0.0,,
Nissan,Other Model,Automatic,Petrol,2007,4441666.666684837,0.0,,
Nissan,Other Model,Automatic,Petrol,2008,4441666.666695739,0.0,,
Nissan,Other Model,Automatic,Petrol,2009,4441666.66670664,0.0,,
Nissan,Other Model,Automatic,Petrol,2010,4441666.666717542,0.0,,
Nissan,Other Model,Automatic,Petrol,2011,5800000.0,1.0,2000.0,2011.0
Nissan,Other Model,Manual,Diesel,1999,3500000.0,1.0,1999.0,1999.0
Nissan,Other Model,Manual,Petrol,1998,3800000.0,1.0,1998.0,2010.0
Nissan,Other Model,Manual,Petrol,1999,2300000.000040001,0.0,,
Nissan,Other Model,Manual,Petrol,2000,2300000.0000320002,0.0,,
Nissan,Other Model,Manual,Petrol,2001,2300000.000024,0.0,,
Nissan,Other Model,Manual,Petrol,2002,2300000.000016,0.0,,
Nissan,Other Model,Manual,Petrol,2003,2300000.000008,0.0,,
Nissan,Other Model,Manual,Petrol,2004,2300000.0,0.0,,
Nissan,Other Model,Manual,Petrol,2005,2299999.999992,0.0,,
Nissan,Other Model,Manual,Petrol,2006,2299999.999984,0.0,,
Nissan,Other Model,Manual,Petrol,2007,2299999.9999759994,0.0,,
Nissan,Other Model,Manual,Petrol,2008,2299999.9999679993,0.0,,
Nissan,Other Model,Manual,Petrol,2009,2299999.999959999,0.0,,
Nissan,Other Model,Manual,Petrol,2010,800000.0,1.0,1998.0,2010.0
Nissan,Sunny,Automatic,Diesel,1997,2775000.0,2.0,1997.0,2020.0
Nissan,Sunny,Automatic,Diesel,1998,2750000.0,1.0,1997.0,2020.0
Nissan,Sunny,Automatic,Diesel,1999,1948333.3334992328,0.0,,
Nissan,Sunny,Automatic,Diesel,2000,1948333.333471583,0.0,,
Nissan,Sunny,Automatic,Diesel,2001,1948333.333443933,0.0,,
Nissan,Sunny,Automatic,Diesel,2002,1948333.333416283,0.0,,
Nissan,Sunny,Automatic,Diesel,2003,1948333.333388633,0.0,,
Nissan,Sunny,Automatic,Diesel,2004,1948333.333360983,0.0,,
Nissan,Sunny,Automatic,Diesel,2005,1948333.3333333333,0.0,,
Nissan,Sunny,Automatic,Diesel,2006,1948333.3333056832,0.0,,
Nissan,Sunny,Automatic,Diesel,2007,1948333.3332780334,0.0,,
Nissan,Sunny,Automatic,Diesel,2008,1948333.3332503834,0.0,,
Nissan,Sunny,Automatic,Diesel,2009,1948333.3332227333,0.0,,
Nissan,Sunny,Automatic,Diesel,2010,1948333.3331950835,0.0,,
Nissan,Sunny,Automatic,Diesel,2011,1948333.3331674335,0.0,,
Nissan,Sunny,Automatic,Diesel,2012,1948333.3331397837,0.0,,
Nissan,Sunny,Automatic,Diesel,2013,1948333.3331121337,0.0,,
Nissan,Sunny,Automatic,Diesel,2014,1948333.3330844839,0.0,,
Nissan,Sunny,Automatic,Diesel,2015,1948333.3330568338,0.0,,
Nissan,Sunny,Automatic,Diesel,2016,1948333.3330291838,0.0,,
Nissan,Sunny,Automatic,Diesel,2017,1948333.333001534,0.0,,
Nissan,Sunny,Automatic,Diesel,2018,1948333.332973884,0.0,,
Nissan,Sunny,Automatic,Diesel,2019,1948333.3329462341,0.0,,
Nissan,Sunny,Automatic,Diesel,2020,320000.0,1.0,1997.0,2020.0
Nissan,Sunny,Automatic,Petrol,1996,2590000.0,1.0,1996.0,2003.0
Nissan,Sunny,Automatic,Petrol,1997,3813333.3332982105,0.0,,
Nissan,Sunny,Automatic,Petrol,1998,3813333.3333087475,0.0,,
Nissan,Sunny,Automatic,Petrol,1999,3813333.3333192845,0.0,,
Nissan,Sunny,Automatic,Petrol,2000,3813333.333329821,0.0,,
Nissan,Sunny,Automatic,Petrol,2001,3813333.333340358,0.0,,
Nissan,Sunny,Automatic,Petrol,2002,4475000.0,1.0,1996.0,2003.0
Nissan,Sunny,Automatic,Petrol,2003,4375000.0,1.0,1996.0,2003.0
Nissan,Sunny,Manual,Diesel,1995,2295500.0,1.0,1995.0,1999.0
Nissan,Sunny,Manual,Diesel,1996,2070749.9999998747,0.0,,
Nissan,Sunny,Manual,Diesel,1997,2087500.0,2.0,1995.0,1999.0
Nissan,Sunny,Manual,Diesel,1998,1100000.0,1.0,1995.0,1999.0
Nissan,Sunny,Manual,Diesel,1999,2800000.0,1.0,1995.0,1999.0
Nissan,Sunny,Manual,Petrol,1995,2565000.0,2.0,1995.0,2002.0
Nissan,Sunny,Manual,Petrol,1996,1375000.0,1.0,1995.0,2002.0
Nissan,Sunny,Manual,Petrol,1997,2837500.0,2.0,1995.0,2002.0
Nissan,Sunny,Manual,Petrol,1998,2605833.333331503,0.0,,
Nissan,Sunny,Manual,Petrol,1999,2700000.0,1.0,1995.0,2002.0
Nissan,Sunny,Manual,Petrol,2000,2095000.0,2.0,1995.0,2002.0
Nissan,Sunny,Manual,Petrol,2001,2605833.33336445,0.0,,
Nissan,Sunny,Manual,Petrol,2002,4062500.0,2.0,1995.0,2002.0
Nissan,X-Trail,Automatic,Diesel,2013,12950000.0,1.0,2013.0,2014.0
Nissan,X-Trail,Automatic,Diesel,2014,9600000.0,1.0,2013.0,2014.0
Nissan,X-Trail,Automatic,Hybrid,2015,12950000.0,3.0,2015.0,2016.0
Nissan,X-Trail,Automatic,Hybrid,2016,12300000.0,8.0,2015.0,2016.0
Nissan,X-Trail,Automatic,Petrol,2003,6500000.0,2.0,2003.0,2025.0
Nissan,X-Trail,Automatic,Petrol,2004,13910714.285659809,0.0,,
Nissan,X-Trail,Automatic,Petrol,2005,13910714.285665417,0.0,,
Nissan,X-Trail,Automatic,Petrol,2006,13910714.285671024,0.0,,
Nissan,X-Trail,Automatic,Petrol,2007,7675000.0,1.0,2003.0,2025.0
Nissan,X-Trail,Automatic,Petrol,2008,13910714.28568224,0.0,,
Nissan,X-Trail,Automatic,Petrol,2009,13910714.285687849,0.0,,
Nissan,X-Trail,Automatic,Petrol,2010,13910714.285693457,0.0,,
Nissan,X-Trail,Automatic,Petrol,2011,13910714.285699064,0.0,,
Nissan,X-Trail,Automatic,Petrol,2012,13910714.285704672,0.0,,
Nissan,X-Trail,Automatic,Petrol,2013,10500000.0,1.0,2003.0,2025.0
Nissan,X-Trail,Automatic,Petrol,2014,13910714.28571589,0.0,,
Nissan,X-Trail,Automatic,Petrol,2015,12000000.0,7.0,2003.0,2025.0
Nissan,X-Trail,Automatic,Petrol,2016,12200000.0,3.0,2003.0,2025.0
Nissan,X-Trail,Automatic,Petrol,2017,18500000.0,1.0,2003.0,2025.0
Nissan,X-Trail,Automatic,Petrol,2018,13910714.285738321,0.0,,
Nissan,X-Trail,Automatic,Petrol,2019,13910714.28574393,0.0,,
Nissan,X-Trail,Automatic,Petrol,2020,13910714.285749536,0.0,,
Nissan,X-Trail,Automatic,Petrol,2021,13910714.285755144,0.0,,
Nissan,X-Trail,Automatic,Petrol,2022,13910714.285760753,0.0,,
Nissan,X-Trail,Automatic,Petrol,2023,13910714.285766361,0.0,,
Nissan,X-Trail,Automatic,Petrol,2024,13910714.285771968,0.0,,
Nissan,X-Trail,Automatic,Petrol,2025,30000000.0,1.0,2003.0,2025.0
Nissan,X-Trail,Manual,Petrol,2001,5700000.0,1.0,2001.0,2006.0
Nissan,X-Trail,Manual,Petrol,2002,6474999.999990323,0.0,,
Nissan,X-Trail,Manual,Petrol,2003,6474999.999996775,0.0,,
Nissan,X-Trail,Manual,Petrol,2004,6475000.000003226,0.0,,
Nissan,X-Trail,Manual,Petrol,2005,6475000.000009677,0.0,,
Nissan,X-Trail,Manual,Petrol,2006,7250000.0,1.0,2001.0,2006.0
Nissan,X-Trail,Tiptronic,Hybrid,2025,30000000.0,2.0,2025.0,2025.0
Suzuki,Alto,Automatic,Hybrid,2023,7475000.0,5.0,2023.0,2025.0
Suzuki,Alto,Automatic,Hybrid,2024,7850000.0,4.0,2023.0,2025.0
Suzuki,Alto,Automatic,Hybrid,2025,8425000.0,2.0,2023.0,2025.0
Suzuki,Alto,Automatic,Petrol,2004,3500000.0,1.0,2004.0,2025.0
Suzuki,Alto,Automatic,Petrol,2005,5610624.999512939,0.0,,
Suzuki,Alto,Automatic,Petrol,2006,5610624.999555292,0.0,,
Suzuki,Alto,Automatic,Petrol,2007,5610624.999597644,0.0,,
Suzuki,Alto,Automatic,Petrol,2008,3850000.0,1.0,2004.0,2025.0
Suzuki,Alto,Automatic,Petrol,2009,5610624.999682351,0.0,,
Suzuki,Alto,Automatic,Petrol,2010,5610624.999724705,0.0,,
Suzuki,Alto,Automatic,Petrol,2011,5610624.999767058,0.0,,
Suzuki,Alto,Automatic,Petrol,2012,5610624.99980941,0.0,,
Suzuki,Alto,Automatic,Petrol,2013,5610624.999851764,0.0,,
Suzuki,Alto,Automatic,Petrol,2014,5610624.999894117,0.0,,
Suzuki,Alto,Automatic,Petrol,2015,5650000.0,1.0,2004.0,2025.0
Suzuki,Alto,Automatic,Petrol,2016,5485000.0,3.0,2004.0,2025.0
Suzuki,Alto,Automatic,Petrol,2017,5500000.0,1.0,2004.0,2025.0
Suzuki,Alto,Automatic,Petrol,2018,5610625.00006353,0.0,,
Suzuki,Alto,Automatic,Petrol,2019,5610625.000105883,0.0,,
Suzuki,Alto,Automatic,Petrol,2020,5610625.000148237,0.0,,
Suzuki,Alto,Automatic,Petrol,2021,5610625.00019059,0.0,,
Suzuki,Alto,Automatic,Petrol,2022,5610625.000232942,0.0,,
Suzuki,Alto,Automatic,Petrol,2023,7250000.0,10.0,2004.0,2025.0
Suzuki,Alto,Automatic,Petrol,2024,7150000.0,5.0,2004.0,2025.0
Suzuki,Alto,Automatic,Petrol,2025,6500000.0,1.0,2004.0,2025.0
Suzuki,Alto,Manual,Petrol,1998,2175000.0,1.0,1998.0,2016.0
Suzuki,Alto,Manual,Petrol,1999,2875590.907994978,0.0,,
Suzuki,Alto,Manual,Petrol,2000,2000000.0,1.0,1998.0,2016.0
Suzuki,Alto,Manual,Petrol,2001,2875590.9082246018,0.0,,
Suzuki,Alto,Manual,Petrol,2002,2875590.9083394133,0.0,,
Suzuki,Alto,Manual,Petrol,2003,2875590.9084542254,0.0,,
Suzuki,Alto,Manual,Petrol,2004,2875590.908569037,0.0,,
Suzuki,Alto,Manual,Petrol,2005,2750000.0,1.0,1998.0,2016.0
Suzuki,Alto,Manual,Petrol,2006,2600000.0,1.0,1998.0,2016.0
Suzuki,Alto,Manual,Petrol,2007,2622500.0,2.0,1998.0,2016.0
Suzuki,Alto,Manual,Petrol,2008,2875590.9090282847,0.0,,
Suzuki,Alto,Manual,Petrol,2009,2875590.9091430963,0.0,,
Suzuki,Alto,Manual,Petrol,2010,2872500.0,6.0,1998.0,2016.0
Suzuki,Alto,Manual,Petrol,2011,2876500.0,6.0,1998.0,2016.0
Suzuki,Alto,Manual,Petrol,2012,2990000.0,2.0,1998.0,2016.0
Suzuki,Alto,Manual,Petrol,2013,2875590.9096023436,0.0,,
Suzuki,Alto,Manual,Petrol,2014,3420000.0,2.0,1998.0,2016.0
Suzuki,Alto,Manual,Petrol,2015,3650000.0,13.0,1998.0,2016.0
Suzuki,Alto,Manual,Petrol,2016,3675000.0,3.0,1998.0,2016.0
Suzuki,Baleno,Automatic,Petrol,2016,8000000.0,5.0,2016.0,2020.0
Suzuki,Baleno,Automatic,Petrol,2017,7250000.0,1.0,2016.0,2020.0
Suzuki,Baleno,Automatic,Petrol,2018,8406250.0,0.0,,
Suzuki,Baleno,Automatic,Petrol,2019,9200000.0,1.0,2016.0,2020.0
Suzuki,Baleno,Automatic,Petrol,2020,9175000.0,2.0,2016.0,2020.0
Suzuki,Baleno,Tiptronic,Petrol,2016,7500000.0,1.0,2016.0,2019.0
Suzuki,Baleno,Tiptronic,Petrol,2017,7849999.999995714,0.0,,
Suzuki,Baleno,Tiptronic,Petrol,2018,7850000.000004285,0.0,,
Suzuki,Baleno,Tiptronic,Petrol,2019,8200000.0,1.0,2016.0,2019.0
Suzuki,Celerio,Automatic,Petrol,2014,4762500.0,2.0,2014.0,2017.0
Suzuki,Celerio,Automatic,Petrol,2015,4875000.0,3.0,2014.0,2017.0
Suzuki,Celerio,Automatic,Petrol,2016,4950000.0,1.0,2014.0,2017.0
Suzuki,Celerio,Automatic,Petrol,2017,5290000.0,1.0,2014.0,2017.0
Suzuki,Celerio,Manual,Petrol,2015,5000000.0,2.0,2015.0,2016.0
Suzuki,Celerio,Manual,Petrol,2016,5050000.0,2.0,2015.0,2016.0
Suzuki,Celerio,Tiptronic,Petrol,2015,5250000.0,1.0,2015.0,2017.0
Suzuki,Celerio,Tiptronic,Petrol,2016,5550000.0,0.0,,
Suzuki,Celerio,Tiptronic,Petrol,2017,5850000.0,1.0,2015.0,2017.0
Suzuki,Hustler,Automatic,Hybrid,2015,6700000.0,1.0,2015.0,2025.0
Suzuki,Hustler,Automatic,Hybrid,2016,7795999.999909793,0.0,,
Suzuki,Hustler,Automatic,Hybrid,2017,6400000.0,2.0,2015.0,2025.0
Suzuki,Hustler,Automatic,Hybrid,2018,7795999.999947379,0.0,,
Suzuki,Hustler,Automatic,Hybrid,2019,7795999.9999661725,0.0,,
Suzuki,Hustler,Automatic,Hybrid,2020,7795999.999984966,0.0,,
Suzuki,Hustler,Automatic,Hybrid,2021,7796000.000003759,0.0,,
Suzuki,Hustler,Automatic,Hybrid,2022,7796000.000022552,0.0,,
Suzuki,Hustler,Automatic,Hybrid,2023,8400000.0,2.0,2015.0,2025.0
Suzuki,Hustler,Automatic,Hybrid,2024,8790000.0,5.0,2015.0,2025.0
Suzuki,Hustler,Automatic,Hybrid,2025,8690000.0,1.0,2015.0,2025.0
Suzuki,Hustler,Automatic,Petrol,2018,7650000.0,1.0,2018.0,2024.0
Suzuki,Hustler,Automatic,Petrol,2019,8662499.999988148,0.0,,
Suzuki,Hustler,Automatic,Petrol,2020,8662499.999994075,0.0,,
Suzuki,Hustler,Automatic,Petrol,2021,8662500.0,0.0,,
Suzuki,Hustler,Automatic,Petrol,2022,8662500.000005925,0.0,,
Suzuki,Hustler,Automatic,Petrol,2023,8662500.000011852,0.0,,
Suzuki,Hustler,Automatic,Petrol,2024,9675000.0,2.0,2018.0,2024.0
Suzuki,Maruti,Automatic,Petrol,1996,1150000.0,1.0,1996.0,2002.0
Suzuki,Maruti,Automatic,Petrol,1997,2474999.9999909434,0.0,,
Suzuki,Maruti,Automatic,Petrol,1998,2474999.999995472,0.0,,
Suzuki,Maruti,Automatic,Petrol,1999,2475000.0,0.0,,
Suzuki,Maruti,Automatic,Petrol,2000,2475000.0000045286,0.0,,
Suzuki,Maruti,Automatic,Petrol,2001,2475000.0000090566,0.0,,
Suzuki,Maruti,Automatic,Petrol,2002,3800000.0,1.0,1996.0,2002.0
Suzuki,Maruti,Manual,Petrol,1995,1200000.0,1.0,1995.0,2026.0
Suzuki,Maruti,Manual,Petrol,1996,1440000.0,1.0,1995.0,2026.0
Suzuki,Maruti,Manual,Petrol,1997,1670882.3529093575,0.0,,
Suzuki,Maruti,Manual,Petrol,1998,1670882.352913088,0.0,,
Suzuki,Maruti,Manual,Petrol,1999,1290000.0,1.0,1995.0,2026.0
Suzuki,Maruti,Manual,Petrol,2000,1395000.0,1.0,1995.0,2026.0
Suzuki,Maruti,Manual,Petrol,2001,1700000.0,1.0,1995.0,2026.0
Suzuki,Maruti,Manual,Petrol,2002,1400000.0,1.0,1995.0,2026.0
Suzuki,Maruti,Manual,Petrol,2003,1595000.0,5.0,1995.0,2026.0
Suzuki,Maruti,Manual,Petrol,2004,1732500.0,2.0,1995.0,2026.0
Suzuki,Maruti,Manual,Petrol,2005,1875000.0,7.0,1995.0,2026.0
Suzuki,Maruti,Manual,Petrol,2006,1850000.0,6.0,1995.0,2026.0
Suzuki,Maruti,Manual,Petrol,2007,1825000.0,2.0,1995.0,2026.0
Suzuki,Maruti,Manual,Petrol,2008,2035000.0,2.0,1995.0,2026.0
Suzuki,Maruti,Manual,Petrol,2009,1985000.0,1.0,1995.0,2026.0
Suzuki,Maruti,Manual,Petrol,2010,2087500.0,8.0,1995.0,2026.0
Suzuki,Maruti,Manual,Petrol,2011,2095000.0,8.0,1995.0,2026.0
Suzuki,Maruti,Manual,Petrol,2012,2300000.0,3.0,1995.0,2026.0
Suzuki,Maruti,Manual,Petrol,2013,1670882.3529690455,0.0,,
Suzuki,Maruti,Manual,Petrol,2014,1670882.3529727762,0.0,,
Suzuki,Maruti,Manual,Petrol,2015,1670882.3529765066,0.0,,
Suzuki,Maruti,Manual,Petrol,2016,1670882.3529802372,0.0,,
Suzuki,Maruti,Manual,Petrol,2017,1670882.3529839676,0.0,,
Suzuki,Maruti,Manual,Petrol,2018,1670882.3529876983,0.0,,
Suzuki,Maruti,Manual,Petrol,2019,1670882.3529914287,0.0,,
Suzuki,Maruti,Manual,Petrol,2020,1670882.352995159,0.0,,
Suzuki,Maruti,Manual,Petrol,2021,1670882.3529988897,0.0,,
Suzuki,Maruti,Manual,Petrol,2022,1670882.3530026202,0.0,,
Suzuki,Maruti,Manual,Petrol,2023,1670882.3530063508,0.0,,
Suzuki,Maruti,Manual,Petrol,2024,1670882.3530100812,0.0,,
Suzuki,Maruti,Manual,Petrol,2025,1670882.3530138119,0.0,,
Suzuki,Maruti,Manual,Petrol,2026,600000.0,1.0,1995.0,2026.0
Suzuki,Other Model,Automatic,Hybrid,2025,8400000.0,1.0,2025.0,2025.0
Suzuki,Other Model,Automatic,Petrol,1998,2500000.0,1.0,1998.0,2024.0
Suzuki,Other Model,Automatic,Petrol,1999,5999999.999767767,0.0,,
Suzuki,Other Model,Automatic,Petrol,2000,5999999.999782282,0.0,,
Suzuki,Other Model,Automatic,Petrol,2001,5999999.999796797,0.0,,
Suzuki,Other Model,Automatic,Petrol,2002,5999999.999811311,0.0,,
Suzuki,Other Model,Automatic,Petrol,2003,5999999.999825825,0.0,,
Suzuki,Other Model,Automatic,Petrol,2004,5999999.99984034,0.0,,
Suzuki,Other Model,Automatic,Petrol,2005,5999999.999854854,0.0,,
Suzuki,Other Model,Automatic,Petrol,2006,5999999.999869369,0.0,,
Suzuki,Other Model,Automatic,Petrol,2007,5999999.999883884,0.0,,
Suzuki,Other Model,Automatic,Petrol,2008,5999999.999898398,0.0,,
Suzuki,Other Model,Automatic,Petrol,2009,5999999.999912913,0.0,,
Suzuki,Other Model,Automatic,Petrol,2010,5999999.999927428,0.0,,
Suzuki,Other Model,Automatic,Petrol,2011,5999999.999941941,0.0,,
Suzuki,Other Model,Automatic,Petrol,2012,5999999.999956456,0.0,,
Suzuki,Other Model,Automatic,Petrol,2013,5999999.999970971,0.0,,
Suzuki,Other Model,Automatic,Petrol,2014,5999999.999985485,0.0,,
Suzuki,Other Model,Automatic,Petrol,2015,6000000.0,0.0,,
Suzuki,Other Model,Automatic,Petrol,2016,6000000.000014515,0.0,,
Suzuki,Other Model,Automatic,Petrol,2017,6000000.000029029,0.0,,
Suzuki,Other Model,Automatic,Petrol,2018,6000000.000043544,0.0,,
Suzuki,Other Model,Automatic,Petrol,2019,6000000.000058058,0.0,,
Suzuki,Other Model,Automatic,Petrol,2020,6000000.000072572,0.0,,
Suzuki,Other Model,Automatic,Petrol,2021,6000000.000087087,0.0,,
Suzuki,Other Model,Automatic,Petrol,2022,6000000.000101602,0.0,,
Suzuki,Other Model,Automatic,Petrol,2023,7500000.0,1.0,1998.0,2024.0
Suzuki,Other Model,Automatic,Petrol,2024,8000000.0,1.0,1998.0,2024.0
Suzuki,Other Model,Manual,Petrol,1999,2250000.0,1.0,1999.0,1999.0
Suzuki,Spacia,Automatic,Hybrid,2017,6090000.0,1.0,2017.0,2025.0
Suzuki,Spacia,Automatic,Hybrid,2018,7612500.0,2.0,2017.0,2025.0
Suzuki,Spacia,Automatic,Hybrid,2019,8860499.999978814,0.0,,
Suzuki,Spacia,Automatic,Hybrid,2020,8860499.999987641,0.0,,
Suzuki,Spacia,Automatic,Hybrid,2021,8860499.999996468,0.0,,
Suzuki,Spacia,Automatic,Hybrid,2022,8860500.000005297,0.0,,
Suzuki,Spacia,Automatic,Hybrid,2023,9200000.0,9.0,2017.0,2025.0
Suzuki,Spacia,Automatic,Hybrid,2024,10550000.0,7.0,2017.0,2025.0
Suzuki,Spacia,Automatic,Hybrid,2025,10850000.0,4.0,2017.0,2025.0
Suzuki,Spacia,Automatic,Petrol,2015,6800000.0,1.0,2015.0,2025.0
Suzuki,Spacia,Automatic,Petrol,2016,9247499.999970945,0.0,,
Suzuki,Spacia,Automatic,Petrol,2017,6750000.0,4.0,2015.0,2025.0
Suzuki,Spacia,Automatic,Petrol,2018,9247499.999984618,0.0,,
Suzuki,Spacia,Automatic,Petrol,2019,9247499.999991454,0.0,,
Suzuki,Spacia,Automatic,Petrol,2020,9247499.99999829,0.0,,
Suzuki,Spacia,Automatic,Petrol,2021,9247500.000005128,0.0,,
Suzuki,Spacia,Automatic,Petrol,2022,9247500.000011964,0.0,,
Suzuki,Spacia,Automatic,Petrol,2023,9247500.0000188,0.0,,
Suzuki,Spacia,Automatic,Petrol,2024,11850000.0,1.0,2015.0,2025.0
Suzuki,Spacia,Automatic,Petrol,2025,11590000.0,1.0,2015.0,2025.0
Suzuki,Swift,Automatic,Hybrid,2017,8800000.0,1.0,2017.0,2025.0
Suzuki,Swift,Automatic,Hybrid,2018,11463249.999971282,0.0,,
Suzuki,Swift,Automatic,Hybrid,2019,11463249.99997804,0.0,,
Suzuki,Swift,Automatic,Hybrid,2020,11463249.999984797,0.0,,
Suzuki,Swift,Automatic,Hybrid,2021,11463249.999991553,0.0,,
Suzuki,Swift,Automatic,Hybrid,2022,11463249.99999831,0.0,,
Suzuki,Swift,Automatic,Hybrid,2023,11053000.0,3.0,2017.0,2025.0
Suzuki,Swift,Automatic,Hybrid,2024,12500000.0,5.0,2017.0,2025.0
Suzuki,Swift,Automatic,Hybrid,2025,13500000.0,1.0,2017.0,2025.0
Suzuki,Swift,Automatic,Petrol,2002,4200000.0,1.0,2002.0,2024.0
Suzuki,Swift,Automatic,Petrol,2003,3985000.0,1.0,2002.0,2024.0
Suzuki,Swift,Automatic,Petrol,2004,4387500.0,2.0,2002.0,2024.0
Suzuki,Swift,Automatic,Petrol,2005,6919791.66650849,0.0,,
Suzuki,Swift,Automatic,Petrol,2006,6919791.666534853,0.0,,
Suzuki,Swift,Automatic,Petrol,2007,5375000.0,2.0,2002.0,2024.0
Suzuki,Swift,Automatic,Petrol,2008,5590000.0,1.0,2002.0,2024.0
Suzuki,Swift,Automatic,Petrol,2009,5600000.0,3.0,2002.0,2024.0
Suzuki,Swift,Automatic,Petrol,2010,5500000.0,1.0,2002.0,2024.0
Suzuki,Swift,Automatic,Petrol,2011,6925000.0,1.0,2002.0,2024.0
Suzuki,Swift,Automatic,Petrol,2012,6919791.666693029,0.0,,
Suzuki,Swift,Automatic,Petrol,2013,6919791.666719392,0.0,,
Suzuki,Swift,Automatic,Petrol,2014,6919791.666745755,0.0,,
Suzuki,Swift,Automatic,Petrol,2015,6919791.666772118,0.0,,
Suzuki,Swift,Automatic,Petrol,2016,6919791.66679848,0.0,,
Suzuki,Swift,Automatic,Petrol,2017,8750000.0,7.0,2002.0,2024.0
Suzuki,Swift,Automatic,Petrol,2018,8500000.0,1.0,2002.0,2024.0
Suzuki,Swift,Automatic,Petrol,2019,9725000.0,2.0,2002.0,2024.0
Suzuki,Swift,Automatic,Petrol,2020,6919791.666903931,0.0,,
Suzuki,Swift,Automatic,Petrol,2021,6919791.666930294,0.0,,
Suzuki,Swift,Automatic,Petrol,2022,6919791.666956657,0.0,,
Suzuki,Swift,Automatic,Petrol,2023,6919791.666983019,0.0,,
Suzuki,Swift,Automatic,Petrol,2024,14500000.0,1.0,2002.0,2024.0
Suzuki,Swift,Manual,Petrol,1999,800000.0,1.0,1999.0,1999.0
Suzuki,Swift,Tiptronic,Petrol,2017,8975000.0,2.0,2017.0,2017.0
Suzuki,Wagon R,Automatic,Hybrid,2016,6700000.0,1.0,2016.0,2025.0
Suzuki,Wagon R,Automatic,Hybrid,2017,8954999.999933645,0.0,,
Suzuki,Wagon R,Automatic,Hybrid,2018,8954999.999946916,0.0,,
Suzuki,Wagon R,Automatic,Hybrid,2019,8954999.999960186,0.0,,
Suzuki,Wagon R,Automatic,Hybrid,2020,8954999.999973457,0.0,,
Suzuki,Wagon R,Automatic,Hybrid,2021,8954999.999986729,0.0,,
Suzuki,Wagon R,Automatic,Hybrid,2022,9350000.0,1.0,2016.0,2025.0
Suzuki,Wagon R,Automatic,Hybrid,2023,9275000.0,11.0,2016.0,2025.0
Suzuki,Wagon R,Automatic,Hybrid,2024,9350000.0,7.0,2016.0,2025.0
Suzuki,Wagon R,Automatic,Hybrid,2025,10100000.0,1.0,2016.0,2025.0
Suzuki,Wagon R,Automatic,Petrol,2017,6912500.0,2.0,2017.0,2024.0
Suzuki,Wagon R,Automatic,Petrol,2018,7050000.0,2.0,2017.0,2024.0
Suzuki,Wagon R,Automatic,Petrol,2019,7200000.0,1.0,2017.0,2024.0
Suzuki,Wagon R,Automatic,Petrol,2020,7639999.999998039,0.0,,
Suzuki,Wagon R,Automatic,Petrol,2021,7640000.000007845,0.0,,
Suzuki,Wagon R,Automatic,Petrol,2022,7640000.000017652,0.0,,
Suzuki,Wagon R,Automatic,Petrol,2023,7275000.0,9.0,2017.0,2024.0
Suzuki,Wagon R,Automatic,Petrol,2024,9762500.0,4.0,2017.0,2024.0
Suzuki,Wagon R,Manual,Petrol,2004,3095000.0,1.0,2004.0,2004.0
Suzuki,Wagon R,Tiptronic,Petrol,2019,5350000.0,1.0,2019.0,2019.0
Suzuki,Wagon R FX,Automatic,Hybrid,2017,6200000.0,1.0,2017.0,2024.0
Suzuki,Wagon R FX,Automatic,Hybrid,2018,7597499.999968879,0.0,,
Suzuki,Wagon R FX,Automatic,Hybrid,2019,7597499.999978215,0.0,,
Suzuki,Wagon R FX,Automatic,Hybrid,2020,7597499.999987552,0.0,,
Suzuki,Wagon R FX,Automatic,Hybrid,2021,7597499.999996888,0.0,,
Suzuki,Wagon R FX,Automatic,Hybrid,2022,7597500.000006224,0.0,,
Suzuki,Wagon R FX,Automatic,Hybrid,2023,8250000.0,4.0,2017.0,2024.0
Suzuki,Wagon R FX,Automatic,Hybrid,2024,8342500.0,6.0,2017.0,2024.0
Suzuki,Wagon R FX,Automatic,Petrol,2018,6000000.0,1.0,2018.0,2024.0
Suzuki,Wagon R FX,Automatic,Petrol,2019,7287499.999979363,0.0,,
Suzuki,Wagon R FX,Automatic,Petrol,2020,7850000.0,1.0,2018.0,2024.0
Suzuki,Wagon R FX,Automatic,Petrol,2021,7287499.999997707,0.0,,
Suzuki,Wagon R FX,Automatic,Petrol,2022,7287500.00000688,0.0,,
Suzuki,Wagon R FX,Automatic,Petrol,2023,7450000.0,13.0,2018.0,2024.0
Suzuki,Wagon R FX,Automatic,Petrol,2024,7850000.0,5.0,2018.0,2024.0
Suzuki,Wagon R FZ,Automatic,Hybrid,2017,6792499.0,6.0,2017.0,2018.0
Suzuki,Wagon R FZ,Automatic,Hybrid,2018,7037500.0,4.0,2017.0,2018.0
Suzuki,Wagon R FZ,Automatic,Petrol,2014,5992500.0,2.0,2014.0,2024.0
Suzuki,Wagon R FZ,Automatic,Petrol,2015,7188499.99993793,0.0,,
Suzuki,Wagon R FZ,Automatic,Petrol,2016,6000000.0,1.0,2014.0,2024.0
Suzuki,Wagon R FZ,Automatic,Petrol,2017,7188499.999968965,0.0,,
Suzuki,Wagon R FZ,Automatic,Petrol,2018,6650000.0,1.0,2014.0,2024.0
Suzuki,Wagon R FZ,Automatic,Petrol,2019,7188500.0,0.0,,
Suzuki,Wagon R FZ,Automatic,Petrol,2020,7188500.000015518,0.0,,
Suzuki,Wagon R FZ,Automatic,Petrol,2021,7188500.000031035,0.0,,
Suzuki,Wagon R FZ,Automatic,Petrol,2022,7188500.000046553,0.0,,
Suzuki,Wagon R FZ,Automatic,Petrol,2023,8350000.0,1.0,2014.0,2024.0
Suzuki,Wagon R FZ,Automatic,Petrol,2024,8950000.0,1.0,2014.0,2024.0
Suzuki,Wagon R Stingray,Automatic,Hybrid,2014,5700000.0,3.0,2014.0,2024.0
Suzuki,Wagon R Stingray,Automatic,Hybrid,2015,5857500.0,2.0,2014.0,2024.0
Suzuki,Wagon R Stingray,Automatic,Hybrid,2016,7057500.2999776285,0.0,,
Suzuki,Wagon R Stingray,Automatic,Hybrid,2017,7190001.5,4.0,2014.0,2024.0
Suzuki,Wagon R Stingray,Automatic,Hybrid,2018,7490000.0,3.0,2014.0,2024.0
Suzuki,Wagon R Stingray,Automatic,Hybrid,2019,7057500.300019574,0.0,,
Suzuki,Wagon R Stingray,Automatic,Hybrid,2020,7057500.300033556,0.0,,
Suzuki,Wagon R Stingray,Automatic,Hybrid,2021,7057500.300047539,0.0,,
Suzuki,Wagon R Stingray,Automatic,Hybrid,2022,7057500.300061521,0.0,,
Suzuki,Wagon R Stingray,Automatic,Hybrid,2023,7057500.300075503,0.0,,
Suzuki,Wagon R Stingray,Automatic,Hybrid,2024,9050000.0,2.0,2014.0,2024.0
Suzuki,Wagon R Stingray,Automatic,Petrol,2014,5990000.0,1.0,2014.0,2018.0
Suzuki,Wagon R Stingray,Automatic,Petrol,2015,6500000.0,1.0,2014.0,2018.0
Suzuki,Wagon R Stingray,Automatic,Petrol,2016,5925000.0,2.0,2014.0,2018.0
Suzuki,Wagon R Stingray,Automatic,Petrol,2017,6391250.000011447,0.0,,
Suzuki,Wagon R Stingray,Automatic,Petrol,2018,7150000.0,1.0,2014.0,2018.0
Suzuki,XBee,Automatic,Hybrid,2018,8762500.0,2.0,2018.0,2024.0
Suzuki,XBee,Automatic,Hybrid,2019,10420833.333318293,0.0,,
Suzuki,XBee,Automatic,Hybrid,2020,10420833.333323933,0.0,,
Suzuki,XBee,Automatic,Hybrid,2021,10420833.333329573,0.0,,
Suzuki,XBee,Automatic,Hybrid,2022,10420833.333335215,0.0,,
Suzuki,XBee,Automatic,Hybrid,2023,10500000.0,4.0,2018.0,2024.0
Suzuki,XBee,Automatic,Hybrid,2024,12000000.0,2.0,2018.0,2024.0
Suzuki,XBee,Automatic,Petrol,2018,8975000.0,2.0,2018.0,2023.0
Suzuki,XBee,Automatic,Petrol,2019,10737499.999995744,0.0,,
Suzuki,XBee,Automatic,Petrol,2020,10737499.99999858,0.0,,
Suzuki,XBee,Automatic,Petrol,2021,10737500.000001417,0.0,,
Suzuki,XBee,Automatic,Petrol,2022,10737500.000004254,0.0,,
Suzuki,XBee,Automatic,Petrol,2023,12500000.0,1.0,2018.0,2023.0
Toyota,Allion,Automatic,Diesel,2016,14750000.0,1.0,2016.0,2016.0
Toyota,Allion,Automatic,Petrol,2002,7300000.0,2.0,2002.0,2018.0
Toyota,Allion,Automatic,Petrol,2003,7500000.0,3.0,2002.0,2018.0
Toyota,Allion,Automatic,Petrol,2004,7170000.0,2.0,2002.0,2018.0
Toyota,Allion,Automatic,Petrol,2005,10329999.999922771,0.0,,
Toyota,Allion,Automatic,Petrol,2006,8245000.0,2.0,2002.0,2018.0
Toyota,Allion,Automatic,Petrol,2007,8675000.0,4.0,2002.0,2018.0
Toyota,Allion,Automatic,Petrol,2008,10329999.999977285,0.0,,
Toyota,Allion,Automatic,Petrol,2009,9875000.0,1.0,2002.0,2018.0
Toyota,Allion,Automatic,Petrol,2010,10075000.0,2.0,2002.0,2018.0
Toyota,Allion,Automatic,Petrol,2011,10025000.0,2.0,2002.0,2018.0
Toyota,Allion,Automatic,Petrol,2012,10375000.0,1.0,2002.0,2018.0
Toyota,Allion,Automatic,Petrol,2013,12095000.0,4.0,2002.0,2018.0
Toyota,Allion,Automatic,Petrol,2014,10330000.000086315,0.0,,
Toyota,Allion,Automatic,Petrol,2015,10330000.000104487,0.0,,
Toyota,Allion,Automatic,Petrol,2016,16350000.0,2.0,2002.0,2018.0
Toyota,Allion,Automatic,Petrol,2017,10330000.00014083,0.0,,
Toyota,Allion,Automatic,Petrol,2018,16275000.0,4.0,2002.0,2018.0
Toyota,Aqua,Automatic,Hybrid,2011,8500000.0,1.0,2011.0,2024.0
Toyota,Aqua,Automatic,Hybrid,2012,7700000.0,4.0,2011.0,2024.0
Toyota,Aqua,Automatic,Hybrid,2013,7890001.0,15.0,2011.0,2024.0
Toyota,Aqua,Automatic,Hybrid,2014,8490000.0,7.0,2011.0,2024.0
Toyota,Aqua,Automatic,Hybrid,2015,9450000.0,9.0,2011.0,2024.0
Toyota,Aqua,Automatic,Hybrid,2016,9587500.0,2.0,2011.0,2024.0
Toyota,Aqua,Automatic,Hybrid,2017,9495357.285738027,0.0,,
Toyota,Aqua,Automatic,Hybrid,2018,9495357.285749897,0.0,,
Toyota,Aqua,Automatic,Hybrid,2019,9495357.285761768,0.0,,
Toyota,Aqua,Automatic,Hybrid,2020,9495357.285773639,0.0,,
Toyota,Aqua,Automatic,Hybrid,2021,9495357.28578551,0.0,,
Toyota,Aqua,Automatic,Hybrid,2022,9495357.28579738,0.0,,
Toyota,Aqua,Automatic,Hybrid,2023,9495357.28580925,0.0,,
Toyota,Aqua,Automatic,Hybrid,2024,14850000.0,4.0,2011.0,2024.0
Toyota,Aqua,Automatic,Petrol,2012,7275000.0,2.0,2012.0,2017.0
Toyota,Aqua,Automatic,Petrol,2013,7950000.0,2.0,2012.0,2017.0
Toyota,Aqua,Automatic,Petrol,2014,8075000.0,8.0,2012.0,2017.0
Toyota,Aqua,Automatic,Petrol,2015,9337500.0,2.0,2012.0,2017.0
Toyota,Aqua,Automatic,Petrol,2016,8827500.0000101,0.0,,
Toyota,Aqua,Automatic,Petrol,2017,11500000.0,1.0,2012.0,2017.0
Toyota,Axio,Automatic,Hybrid,2012,9890000.0,1.0,2012.0,2024.0
Toyota,Axio,Automatic,Hybrid,2013,9300000.0,2.0,2012.0,2024.0
Toyota,Axio,Automatic,Hybrid,2014,9700000.0,7.0,2012.0,2024.0
Toyota,Axio,Automatic,Hybrid,2015,11200000.0,11.0,2012.0,2024.0
Toyota,Axio,Automatic,Hybrid,2016,12045000.0,6.0,2012.0,2024.0
Toyota,Axio,Automatic,Hybrid,2017,13745000.0,10.0,2012.0,2024.0
Toyota,Axio,Automatic,Hybrid,2018,13695000.0,2.0,2012.0,2024.0
Toyota,Axio,Automatic,Hybrid,2019,15875000.0,1.0,2012.0,2024.0
Toyota,Axio,Automatic,Hybrid,2020,12783000.00003988,0.0,,
Toyota,Axio,Automatic,Hybrid,2021,12783000.000053631,0.0,,
Toyota,Axio,Automatic,Hybrid,2022,12783000.000067383,0.0,,
Toyota,Axio,Automatic,Hybrid,2023,16190000.0,1.0,2012.0,2024.0
Toyota,Axio,Automatic,Hybrid,2024,16190000.0,1.0,2012.0,2024.0
Toyota,Axio,Automatic,Petrol,2007,7300000.0,7.0,2007.0,2019.0
Toyota,Axio,Automatic,Petrol,2008,7650000.0,3.0,2007.0,2019.0
Toyota,Axio,Automatic,Petrol,2009,8450000.0,1.0,2007.0,2019.0
Toyota,Axio,Automatic,Petrol,2010,8120000.0,2.0,2007.0,2019.0
Toyota,Axio,Automatic,Petrol,2011,10042727.272694675,0.0,,
Toyota,Axio,Automatic,Petrol,2012,8500000.0,1.0,2007.0,2019.0
Toyota,Axio,Automatic,Petrol,2013,9800000.0,1.0,2007.0,2019.0
Toyota,Axio,Automatic,Petrol,2014,12000000.0,1.0,2007.0,2019.0
Toyota,Axio,Automatic,Petrol,2015,10850000.0,2.0,2007.0,2019.0
Toyota,Axio,Automatic,Petrol,2016,12500000.0,2.0,2007.0,2019.0
Toyota,Axio,Automatic,Petrol,2017,12000000.0,1.0,2007.0,2019.0
Toyota,Axio,Automatic,Petrol,2018,10042727.272826778,0.0,,
Toyota,Axio,Automatic,Petrol,2019,13300000.0,2.0,2007.0,2019.0
Toyota,CHR,Automatic,Hybrid,2017,16800000.0,1.0,2017.0,2022.0
Toyota,CHR,Automatic,Hybrid,2018,16250000.000013636,0.0,,
Toyota,CHR,Automatic,Hybrid,2019,16250000.000004545,0.0,,
Toyota,CHR,Automatic,Hybrid,2020,16249999.999995453,0.0,,
Toyota,CHR,Automatic,Hybrid,2021,16249999.999986362,0.0,,
Toyota,CHR,Automatic,Hybrid,2022,15700000.0,1.0,2017.0,2022.0
Toyota,CHR,Automatic,Petrol,2016,13399999.0,1.0,2016.0,2023.0
Toyota,CHR,Automatic,Petrol,2017,14400000.0,11.0,2016.0,2023.0
Toyota,CHR,Automatic,Petrol,2018,15497500.0,20.0,2016.0,2023.0
Toyota,CHR,Automatic,Petrol,2019,16200000.0,4.0,2016.0,2023.0
Toyota,CHR,Automatic,Petrol,2020,14000000.0,1.0,2016.0,2023.0
Toyota,CHR,Automatic,Petrol,2021,15207916.50001582,0.0,,
Toyota,CHR,Automatic,Petrol,2022,15207916.500023121,0.0,,
Toyota,CHR,Automatic,Petrol,2023,17750000.0,6.0,2016.0,2023.0
Toyota,CHR,Manual,Petrol,2020,16500000.0,1.0,2020.0,2020.0
Toyota,CHR,Tiptronic,Petrol,2017,13325000.0,2.0,2017.0,2023.0
Toyota,CHR,Tiptronic,Petrol,2018,17024999.999995995,0.0,,
Toyota,CHR,Tiptronic,Petrol,2019,16900000.0,1.0,2017.0,2023.0
Toyota,CHR,Tiptronic,Petrol,2020,17025000.0000008,0.0,,
Toyota,CHR,Tiptronic,Petrol,2021,17025000.000003204,0.0,,
Toyota,CHR,Tiptronic,Petrol,2022,17025000.000005607,0.0,,
Toyota,CHR,Tiptronic,Petrol,2023,20850000.0,1.0,2017.0,2023.0
Toyota,Corolla,Automatic,Diesel,1997,3100000.0,3.0,1997.0,2000.0
Toyota,Corolla,Automatic,Diesel,1998,2975000.0000120015,0.0,,
Toyota,Corolla,Automatic,Diesel,1999,2974999.999987998,0.0,,
Toyota,Corolla,Automatic,Diesel,2000,2850000.0,1.0,1997.0,2000.0
Toyota,Corolla,Automatic,Hybrid,2023,28990000.0,1.0,2023.0,2025.0
Toyota,Corolla,Automatic,Hybrid,2024,26950000.0,1.0,2023.0,2025.0
Toyota,Corolla,Automatic,Hybrid,2025,26800000.0,1.0,2023.0,2025.0
Toyota,Corolla,Automatic,Petrol,1996,2800000.0,1.0,1996.0,2023.0
Toyota,Corolla,Automatic,Petrol,1997,8567343.749730354,0.0,,
Toyota,Corolla,Automatic,Petrol,1998,4275000.0,1.0,1996.0,2023.0
Toyota,Corolla,Automatic,Petrol,1999,4290000.0,1.0,1996.0,2023.0
Toyota,Corolla,Automatic,Petrol,2000,6000000.0,1.0,1996.0,2023.0
Toyota,Corolla,Automatic,Petrol,2001,8567343.749833692,0.0,,
Toyota,Corolla,Automatic,Petrol,2002,5890000.0,1.0,1996.0,2023.0
Toyota,Corolla,Automatic,Petrol,2003,6600000.0,1.0,1996.0,2023.0
Toyota,Corolla,Automatic,Petrol,2004,6025000.0,1.0,1996.0,2023.0
Toyota,Corolla,Automatic,Petrol,2005,6150000.0,1.0,1996.0,2023.0
Toyota,Corolla,Automatic,Petrol,2006,8567343.749962864,0.0,,
Toyota,Corolla,Automatic,Petrol,2007,6800000.0,3.0,1996.0,2023.0
Toyota,Corolla,Automatic,Petrol,2008,7595000.0,2.0,1996.0,2023.0
Toyota,Corolla,Automatic,Petrol,2009,7990000.0,1.0,1996.0,2023.0
Toyota,Corolla,Automatic,Petrol,2010,8567343.750066202,0.0,,
Toyota,Corolla,Automatic,Petrol,2011,8262500.0,4.0,1996.0,2023.0
Toyota,Corolla,Automatic,Petrol,2012,8567343.75011787,0.0,,
Toyota,Corolla,Automatic,Petrol,2013,8567343.750143705,0.0,,
Toyota,Corolla,Automatic,Petrol,2014,8567343.75016954,0.0,,
Toyota,Corolla,Automatic,Petrol,2015,8567343.750195375,0.0,,
Toyota,Corolla,Automatic,Petrol,2016,8567343.750221208,0.0,,
Toyota,Corolla,Automatic,Petrol,2017,12950000.0,1.0,1996.0,2023.0
Toyota,Corolla,Automatic,Petrol,2018,15800000.0,1.0,1996.0,2023.0
Toyota,Corolla,Automatic,Petrol,2019,15650000.0,1.0,1996.0,2023.0
Toyota,Corolla,Automatic,Petrol,2020,8567343.750324545,0.0,,
Toyota,Corolla,Automatic,Petrol,2021,8567343.75035038,0.0,,
Toyota,Corolla,Automatic,Petrol,2022,8567343.750376215,0.0,,
Toyota,Corolla,Automatic,Petrol,2023,20000000.0,1.0,1996.0,2023.0
Toyota,Corolla,Manual,Diesel,1996,2250000.0,1.0,1996.0,1999.0
Toyota,Corolla,Manual,Diesel,1997,2750000.0,2.0,1996.0,1999.0
Toyota,Corolla,Manual,Diesel,1998,2800000.0,1.0,1996.0,1999.0
Toyota,Corolla,Manual,Diesel,1999,3000000.0,2.0,1996.0,1999.0
Toyota,Corolla,Manual,Petrol,1995,1400000.0,1.0,1995.0,2024.0
Toyota,Corolla,Manual,Petrol,1996,7814285.714244086,0.0,,
Toyota,Corolla,Manual,Petrol,1997,2600000.0,1.0,1995.0,2024.0
Toyota,Corolla,Manual,Petrol,1998,7814285.714254878,0.0,,
Toyota,Corolla,Manual,Petrol,1999,650000.0,1.0,1995.0,2024.0
Toyota,Corolla,Manual,Petrol,2000,2800000.0,1.0,1995.0,2024.0
Toyota,Corolla,Manual,Petrol,2001,7814285.714271068,0.0,,
Toyota,Corolla,Manual,Petrol,2002,7814285.714276464,0.0,,
Toyota,Corolla,Manual,Petrol,2003,7814285.714281861,0.0,,
Toyota,Corolla,Manual,Petrol,2004,6850000.0,2.0,1995.0,2024.0
Toyota,Corolla,Manual,Petrol,2005,7814285.714292653,0.0,,
Toyota,Corolla,Manual,Petrol,2006,7814285.714298049,0.0,,
Toyota,Corolla,Manual,Petrol,2007,5400000.0,1.0,1995.0,2024.0
Toyota,Corolla,Manual,Petrol,2008,7814285.714308842,0.0,,
Toyota,Corolla,Manual,Petrol,2009,7814285.714314238,0.0,,
Toyota,Corolla,Manual,Petrol,2010,7814285.714319634,0.0,,
Toyota,Corolla,Manual,Petrol,2011,7814285.714325031,0.0,,
Toyota,Corolla,Manual,Petrol,2012,7814285.714330427,0.0,,
Toyota,Corolla,Manual,Petrol,2013,7814285.714335823,0.0,,
Toyota,Corolla,Manual,Petrol,2014,7814285.71434122,0.0,,
Toyota,Corolla,Manual,Petrol,2015,7814285.7143466165,0.0,,
Toyota,Corolla,Manual,Petrol,2016,7814285.714352013,0.0,,
Toyota,Corolla,Manual,Petrol,2017,7814285.714357409,0.0,,
Toyota,Corolla,Manual,Petrol,2018,7814285.714362806,0.0,,
Toyota,Corolla,Manual,Petrol,2019,7814285.714368202,0.0,,
Toyota,Corolla,Manual,Petrol,2020,7814285.714373598,0.0,,
Toyota,Corolla,Manual,Petrol,2021,7814285.714378995,0.0,,
Toyota,Corolla,Manual,Petrol,2022,7814285.714384391,0.0,,
Toyota,Corolla,Manual,Petrol,2023,7814285.714389787,0.0,,
Toyota,Corolla,Manual,Petrol,2024,35000000.0,1.0,1995.0,2024.0
Toyota,Harrier,Automatic,Hybrid,2008,9775000.0,1.0,2008.0,2023.0
Toyota,Harrier,Automatic,Hybrid,2009,24628749.99999005,0.0,,
Toyota,Harrier,Automatic,Hybrid,2010,24628749.999991708,0.0,,
Toyota,Harrier,Automatic,Hybrid,2011,24628749.999993365,0.0,,
Toyota,Harrier,Automatic,Hybrid,2012,24628749.999995023,0.0,,
Toyota,Harrier,Automatic,Hybrid,2013,24628749.99999668,0.0,,
Toyota,Harrier,Automatic,Hybrid,2014,21750000.0,2.0,2008.0,2023.0
Toyota,Harrier,Automatic,Hybrid,2015,21990000.0,3.0,2008.0,2023.0
Toyota,Harrier,Automatic,Hybrid,2016,24628750.000001658,0.0,,
Toyota,Harrier,Automatic,Hybrid,2017,24628750.000003316,0.0,,
Toyota,Harrier,Automatic,Hybrid,2018,24628750.000004973,0.0,,
Toyota,Harrier,Automatic,Hybrid,2019,24628750.00000663,0.0,,
Toyota,Harrier,Automatic,Hybrid,2020,24628750.00000829,0.0,,
Toyota,Harrier,Automatic,Hybrid,2021,24628750.000009947,0.0,,
Toyota,Harrier,Automatic,Hybrid,2022,24628750.000011608,0.0,,
Toyota,Harrier,Automatic,Hybrid,2023,45000000.0,1.0,2008.0,2023.0
Toyota,Harrier,Automatic,Petrol,2008,11695000.0,1.0,2008.0,2024.0
Toyota,Harrier,Automatic,Petrol,2009,28529062.49996956,0.0,,
Toyota,Harrier,Automatic,Petrol,2010,28529062.499973364,0.0,,
Toyota,Harrier,Automatic,Petrol,2011,28529062.499977168,0.0,,
Toyota,Harrier,Automatic,Petrol,2012,28529062.499980975,0.0,,
Toyota,Harrier,Automatic,Petrol,2013,28529062.49998478,0.0,,
Toyota,Harrier,Automatic,Petrol,2014,20000000.0,1.0,2008.0,2024.0
Toyota,Harrier,Automatic,Petrol,2015,28450000.0,2.0,2008.0,2024.0
Toyota,Harrier,Automatic,Petrol,2016,24500000.0,1.0,2008.0,2024.0
Toyota,Harrier,Automatic,Petrol,2017,26287500.0,6.0,2008.0,2024.0
Toyota,Harrier,Automatic,Petrol,2018,28529062.500003807,0.0,,
Toyota,Harrier,Automatic,Petrol,2019,36900000.0,1.0,2008.0,2024.0
Toyota,Harrier,Automatic,Petrol,2020,28529062.500011414,0.0,,
Toyota,Harrier,Automatic,Petrol,2021,28529062.50001522,0.0,,
Toyota,Harrier,Automatic,Petrol,2022,28529062.500019025,0.0,,
Toyota,Harrier,Automatic,Petrol,2023,42500000.0,3.0,2008.0,2024.0
Toyota,Harrier,Automatic,Petrol,2024,37900000.0,2.0,2008.0,2024.0
Toyota,Harrier,Tiptronic,Petrol,2007,9600000.0,1.0,2007.0,2017.0
Toyota,Harrier,Tiptronic,Petrol,2008,9800000.0,1.0,2007.0,2017.0
Toyota,Harrier,Tiptronic,Petrol,2009,15366666.66666387,0.0,,
Toyota,Harrier,Tiptronic,Petrol,2010,15366666.666665547,0.0,,
Toyota,Harrier,Tiptronic,Petrol,2011,15366666.666667225,0.0,,
Toyota,Harrier,Tiptronic,Petrol,2012,15366666.666668903,0.0,,
Toyota,Harrier,Tiptronic,Petrol,2013,15366666.666670581,0.0,,
Toyota,Harrier,Tiptronic,Petrol,2014,15366666.666672258,0.0,,
Toyota,Harrier,Tiptronic,Petrol,2015,15366666.666673936,0.0,,
Toyota,Harrier,Tiptronic,Petrol,2016,15366666.666675614,0.0,,
Toyota,Harrier,Tiptronic,Petrol,2017,26700000.0,1.0,2007.0,2017.0
Toyota,Hilux,Automatic,Diesel,2001,8200000.0,1.0,2001.0,2025.0
Toyota,Hilux,Automatic,Diesel,2002,18658593.749783166,0.0,,
Toyota,Hilux,Automatic,Diesel,2003,18658593.749799926,0.0,,
Toyota,Hilux,Automatic,Diesel,2004,18658593.749816686,0.0,,
Toyota,Hilux,Automatic,Diesel,2005,18658593.749833446,0.0,,
Toyota,Hilux,Automatic,Diesel,2006,13500000.0,1.0,2001.0,2025.0
Toyota,Hilux,Automatic,Diesel,2007,11875000.0,2.0,2001.0,2025.0
Toyota,Hilux,Automatic,Diesel,2008,12250000.0,1.0,2001.0,2025.0
Toyota,Hilux,Automatic,Diesel,2009,18658593.749900486,0.0,,
Toyota,Hilux,Automatic,Diesel,2010,14000000.0,1.0,2001.0,2025.0
Toyota,Hilux,Automatic,Diesel,2011,18658593.749934006,0.0,,
Toyota,Hilux,Automatic,Diesel,2012,16500000.0,1.0,2001.0,2025.0
Toyota,Hilux,Automatic,Diesel,2013,14500000.0,1.0,2001.0,2025.0
Toyota,Hilux,Automatic,Diesel,2014,18658593.749984287,0.0,,
Toyota,Hilux,Automatic,Diesel,2015,16500000.0,1.0,2001.0,2025.0
Toyota,Hilux,Automatic,Diesel,2016,14800000.0,1.0,2001.0,2025.0
Toyota,Hilux,Automatic,Diesel,2017,18658593.75003457,0.0,,
Toyota,Hilux,Automatic,Diesel,2018,22900000.0,5.0,2001.0,2025.0
Toyota,Hilux,Automatic,Diesel,2019,22800000.0,1.0,2001.0,2025.0
Toyota,Hilux,Automatic,Diesel,2020,22500000.0,3.0,2001.0,2025.0
Toyota,Hilux,Automatic,Diesel,2021,18658593.75010161,0.0,,
Toyota,Hilux,Automatic,Diesel,2022,23987500.0,2.0,2001.0,2025.0
Toyota,Hilux,Automatic,Diesel,2023,25950000.0,8.0,2001.0,2025.0
Toyota,Hilux,Automatic,Diesel,2024,29875000.0,26.0,2001.0,2025.0
Toyota,Hilux,Automatic,Diesel,2025,28400000.0,16.0,2001.0,2025.0
Toyota,Hilux,Manual,Diesel,1998,6900000.0,1.0,1998.0,2025.0
Toyota,Hilux,Manual,Diesel,1999,7200000.0,1.0,1998.0,2025.0
Toyota,Hilux,Manual,Diesel,2000,10494999.999861881,0.0,,
Toyota,Hilux,Manual,Diesel,2001,10494999.999878129,0.0,,
Toyota,Hilux,Manual,Diesel,2002,10000000.0,1.0,1998.0,2025.0
Toyota,Hilux,Manual,Diesel,2003,10494999.999910628,0.0,,
Toyota,Hilux,Manual,Diesel,2004,3790000.0,1.0,1998.0,2025.0
Toyota,Hilux,Manual,Diesel,2005,10494999.999943128,0.0,,
Toyota,Hilux,Manual,Diesel,2006,10675000.0,2.0,1998.0,2025.0
Toyota,Hilux,Manual,Diesel,2007,11500000.0,7.0,1998.0,2025.0
Toyota,Hilux,Manual,Diesel,2008,10494999.999991875,0.0,,
Toyota,Hilux,Manual,Diesel,2009,7925000.0,4.0,1998.0,2025.0
Toyota,Hilux,Manual,Diesel,2010,8525000.0,4.0,1998.0,2025.0
Toyota,Hilux,Manual,Diesel,2011,14125000.0,2.0,1998.0,2025.0
Toyota,Hilux,Manual,Diesel,2012,10495000.000056872,0.0,,
Toyota,Hilux,Manual,Diesel,2013,10495000.000073122,0.0,,
Toyota,Hilux,Manual,Diesel,2014,12225000.0,2.0,1998.0,2025.0
Toyota,Hilux,Manual,Diesel,2015,10495000.000105621,0.0,,
Toyota,Hilux,Manual,Diesel,2016,10495000.000121871,0.0,,
Toyota,Hilux,Manual,Diesel,2017,19000000.0,1.0,1998.0,2025.0
Toyota,Hilux,Manual,Diesel,2018,10495000.000154369,0.0,,
Toyota,Hilux,Manual,Diesel,2019,10495000.000170618,0.0,,
Toyota,Hilux,Manual,Diesel,2020,10495000.000186868,0.0,,
Toyota,Hilux,Manual,Diesel,2021,10495000.000203118,0.0,,
Toyota,Hilux,Manual,Diesel,2022,10495000.000219367,0.0,,
Toyota,Hilux,Manual,Diesel,2023,10495000.000235617,0.0,,
Toyota,Hilux,Manual,Diesel,2024,10495000.000251865,0.0,,
Toyota,Hilux,Manual,Diesel,2025,14075000.0,4.0,1998.0,2025.0
Toyota,Hilux,Tiptronic,Diesel,2020,26000000.0,1.0,2020.0,2025.0
Toyota,Hilux,Tiptronic,Diesel,2021,27961249.99999379,0.0,,
Toyota,Hilux,Tiptronic,Diesel,2022,27961249.999996893,0.0,,
Toyota,Hilux,Tiptronic,Diesel,2023,26800000.0,1.0,2020.0,2025.0
Toyota,Hilux,Tiptronic,Diesel,2024,30570000.0,6.0,2020.0,2025.0
Toyota,Hilux,Tiptronic,Diesel,2025,28475000.0,3.0,2020.0,2025.0
Toyota,Hilux,Tiptronic,Petrol,2023,25800000.0,1.0,2023.0,2023.0
Toyota,Land Cruiser Prado,Automatic,Diesel,1995,24000000.0,1.0,1995.0,2025.0
Toyota,Land Cruiser Prado,Automatic,Diesel,1996,13000000.0,1.0,1995.0,2025.0
Toyota,Land Cruiser Prado,Automatic,Diesel,1997,38538461.53839255,0.0,,
Toyota,Land Cruiser Prado,Automatic,Diesel,1998,38538461.53839722,0.0,,
Toyota,Land Cruiser Prado,Automatic,Diesel,1999,38538461.538401894,0.0,,
Toyota,Land Cruiser Prado,Automatic,Diesel,2000,38538461.538406566,0.0,,
Toyota,Land Cruiser Prado,Automatic,Diesel,2001,38538461.53841124,0.0,,
Toyota,Land Cruiser Prado,Automatic,Diesel,2002,38538461.5384159,0.0,,
Toyota,Land Cruiser Prado,Automatic,Diesel,2003,38538461.53842057,0.0,,
Toyota,Land Cruiser Prado,Automatic,Diesel,2004,38538461.538425244,0.0,,
Toyota,Land Cruiser Prado,Automatic,Diesel,2005,38538461.538429916,0.0,,
Toyota,Land Cruiser Prado,Automatic,Diesel,2006,22000000.0,1.0,1995.0,2025.0
Toyota,Land Cruiser Prado,Automatic,Diesel,2007,21250000.0,1.0,1995.0,2025.0
Toyota,Land Cruiser Prado,Automatic,Diesel,2008,22000000.0,1.0,1995.0,2025.0
Toyota,Land Cruiser Prado,Automatic,Diesel,2009,38538461.5384486,0.0,,
Toyota,Land Cruiser Prado,Automatic,Diesel,2010,38538461.53845327,0.0,,
Toyota,Land Cruiser Prado,Automatic,Diesel,2011,38538461.538457945,0.0,,
Toyota,Land Cruiser Prado,Automatic,Diesel,2012,35000000.0,4.0,1995.0,2025.0
Toyota,Land Cruiser Prado,Automatic,Diesel,2013,38538461.53846729,0.0,,
Toyota,Land Cruiser Prado,Automatic,Diesel,2014,41000000.0,5.0,1995.0,2025.0
Toyota,Land Cruiser Prado,Automatic,Diesel,2015,47250000.0,6.0,1995.0,2025.0
Toyota,Land Cruiser Prado,Automatic,Diesel,2016,46500000.0,1.0,1995.0,2025.0
Toyota,Land Cruiser Prado,Automatic,Diesel,2017,46000000.0,3.0,1995.0,2025.0
Toyota,Land Cruiser Prado,Automatic,Diesel,2018,25000000.0,1.0,1995.0,2025.0
Toyota,Land Cruiser Prado,Automatic,Diesel,2019,38538461.53849531,0.0,,
Toyota,Land Cruiser Prado,Automatic,Diesel,2020,38538461.53849998,0.0,,
Toyota,Land Cruiser Prado,Automatic,Diesel,2021,38538461.53850465,0.0,,
Toyota,Land Cruiser Prado,Automatic,Diesel,2022,38538461.538509324,0.0,,
Toyota,Land Cruiser Prado,Automatic,Diesel,2023,38538461.538513996,0.0,,
Toyota,Land Cruiser Prado,Automatic,Diesel,2024,81000000.0,8.0,1995.0,2025.0
Toyota,Land Cruiser Prado,Automatic,Diesel,2025,77000000.0,2.0,1995.0,2025.0
Toyota,Land Cruiser Prado,Automatic,Petrol,2001,11200000.0,1.0,2001.0,2025.0
Toyota,Land Cruiser Prado,Automatic,Petrol,2002,14850000.0,1.0,2001.0,2025.0
Toyota,Land Cruiser Prado,Automatic,Petrol,2003,16500000.0,3.0,2001.0,2025.0
Toyota,Land Cruiser Prado,Automatic,Petrol,2004,16000000.0,2.0,2001.0,2025.0
Toyota,Land Cruiser Prado,Automatic,Petrol,2005,36497499.99994091,0.0,,
Toyota,Land Cruiser Prado,Automatic,Petrol,2006,36497499.99994868,0.0,,
Toyota,Land Cruiser Prado,Automatic,Petrol,2007,18750000.0,1.0,2001.0,2025.0
Toyota,Land Cruiser Prado,Automatic,Petrol,2008,19500000.0,6.0,2001.0,2025.0
Toyota,Land Cruiser Prado,Automatic,Petrol,2009,27850000.0,1.0,2001.0,2025.0
Toyota,Land Cruiser Prado,Automatic,Petrol,2010,30200000.0,8.0,2001.0,2025.0
Toyota,Land Cruiser Prado,Automatic,Petrol,2011,31000000.0,1.0,2001.0,2025.0
Toyota,Land Cruiser Prado,Automatic,Petrol,2012,32000000.0,1.0,2001.0,2025.0
Toyota,Land Cruiser Prado,Automatic,Petrol,2013,36000000.0,2.0,2001.0,2025.0
Toyota,Land Cruiser Prado,Automatic,Petrol,2014,39500000.0,3.0,2001.0,2025.0
Toyota,Land Cruiser Prado,Automatic,Petrol,2015,42500000.0,14.0,2001.0,2025.0
Toyota,Land Cruiser Prado,Automatic,Petrol,2016,42500000.0,3.0,2001.0,2025.0
Toyota,Land Cruiser Prado,Automatic,Petrol,2017,46850000.0,12.0,2001.0,2025.0
Toyota,Land Cruiser Prado,Automatic,Petrol,2018,44750000.0,2.0,2001.0,2025.0
Toyota,Land Cruiser Prado,Automatic,Petrol,2019,36497500.00004976,0.0,,
Toyota,Land Cruiser Prado,Automatic,Petrol,2020,67500000.0,1.0,2001.0,2025.0
Toyota,Land Cruiser Prado,Automatic,Petrol,2021,36497500.00006532,0.0,,
Toyota,Land Cruiser Prado,Automatic,Petrol,2022,36497500.00007309,0.0,,
Toyota,Land Cruiser Prado,Automatic,Petrol,2023,57250000.0,18.0,2001.0,2025.0
Toyota,Land Cruiser Prado,Automatic,Petrol,2024,67500000.0,28.0,2001.0,2025.0
Toyota,Land Cruiser Prado,Automatic,Petrol,2025,67750000.0,8.0,2001.0,2025.0
Toyota,Land Cruiser Prado,Manual,Diesel,1995,17500000.0,1.0,1995.0,2018.0
Toyota,Land Cruiser Prado,Manual,Diesel,1996,26356249.87495415,0.0,,
Toyota,Land Cruiser Prado,Manual,Diesel,1997,10000000.0,1.0,1995.0,2018.0
Toyota,Land Cruiser Prado,Manual,Diesel,1998,26356249.87496268,0.0,,
Toyota,Land Cruiser Prado,Manual,Diesel,1999,26356249.874966945,0.0,,
Toyota,Land Cruiser Prado,Manual,Diesel,2000,13999999.0,1.0,1995.0,2018.0
Toyota,Land Cruiser Prado,Manual,Diesel,2001,26356249.874975476,0.0,,
Toyota,Land Cruiser Prado,Manual,Diesel,2002,26356249.874979742,0.0,,
Toyota,Land Cruiser Prado,Manual,Diesel,2003,26356249.874984007,0.0,,
Toyota,Land Cruiser Prado,Manual,Diesel,2004,26356249.874988273,0.0,,
Toyota,Land Cruiser Prado,Manual,Diesel,2005,26356249.87499254,0.0,,
Toyota,Land Cruiser Prado,Manual,Diesel,2006,26356249.874996804,0.0,,
Toyota,Land Cruiser Prado,Manual,Diesel,2007,19850000.0,1.0,1995.0,2018.0
Toyota,Land Cruiser Prado,Manual,Diesel,2008,26356249.87500533,0.0,,
Toyota,Land Cruiser Prado,Manual,Diesel,2009,20000000.0,1.0,1995.0,2018.0
Toyota,Land Cruiser Prado,Manual,Diesel,2010,26356249.87501386,0.0,,
Toyota,Land Cruiser Prado,Manual,Diesel,2011,26356249.875018127,0.0,,
Toyota,Land Cruiser Prado,Manual,Diesel,2012,26356249.875022393,0.0,,
Toyota,Land Cruiser Prado,Manual,Diesel,2013,38000000.0,1.0,1995.0,2018.0
Toyota,Land Cruiser Prado,Manual,Diesel,2014,26356249.875030924,0.0,,
Toyota,Land Cruiser Prado,Manual,Diesel,2015,43500000.0,2.0,1995.0,2018.0
Toyota,Land Cruiser Prado,Manual,Diesel,2016,26356249.875039455,0.0,,
Toyota,Land Cruiser Prado,Manual,Diesel,2017,26356249.87504372,0.0,,
Toyota,Land Cruiser Prado,Manual,Diesel,2018,48000000.0,1.0,1995.0,2018.0
Toyota,Land Cruiser Prado,Manual,Petrol,2003,14900000.0,1.0,2003.0,2003.0
Toyota,Land Cruiser Prado,Tiptronic,Diesel,2012,36500000.0,1.0,2012.0,2025.0
Toyota,Land Cruiser Prado,Tiptronic,Diesel,2013,67799999.99998997,0.0,,
Toyota,Land Cruiser Prado,Tiptronic,Diesel,2014,67799999.99999137,0.0,,
Toyota,Land Cruiser Prado,Tiptronic,Diesel,2015,67799999.99999276,0.0,,
Toyota,Land Cruiser Prado,Tiptronic,Diesel,2016,67799999.99999414,0.0,,
Toyota,Land Cruiser Prado,Tiptronic,Diesel,2017,62500000.0,1.0,2012.0,2025.0
Toyota,Land Cruiser Prado,Tiptronic,Diesel,2018,67799999.99999693,0.0,,
Toyota,Land Cruiser Prado,Tiptronic,Diesel,2019,67799999.99999833,0.0,,
Toyota,Land Cruiser Prado,Tiptronic,Diesel,2020,67799999.99999972,0.0,,
Toyota,Land Cruiser Prado,Tiptronic,Diesel,2021,67800000.0000011,0.0,,
Toyota,Land Cruiser Prado,Tiptronic,Diesel,2022,67800000.0000025,0.0,,
Toyota,Land Cruiser Prado,Tiptronic,Diesel,2023,73500000.0,1.0,2012.0,2025.0
Toyota,Land Cruiser Prado,Tiptronic,Diesel,2024,81500000.0,1.0,2012.0,2025.0
Toyota,Land Cruiser Prado,Tiptronic,Diesel,2025,85000000.0,1.0,2012.0,2025.0
Toyota,Land Cruiser Prado,Tiptronic,Petrol,2010,48000000.0,1.0,2010.0,2025.0
Toyota,Land Cruiser Prado,Tiptronic,Petrol,2011,54072222.22218754,0.0,,
Toyota,Land Cruiser Prado,Tiptronic,Petrol,2012,54072222.22219188,0.0,,
Toyota,Land Cruiser Prado,Tiptronic,Petrol,2013,54072222.222196214,0.0,,
Toyota,Land Cruiser Prado,Tiptronic,Petrol,2014,54072222.22220055,0.0,,
Toyota,Land Cruiser Prado,Tiptronic,Petrol,2015,44000000.0,1.0,2010.0,2025.0
Toyota,Land Cruiser Prado,Tiptronic,Petrol,2016,46000000.0,1.0,2010.0,2025.0
Toyota,Land Cruiser Prado,Tiptronic,Petrol,2017,49400000.0,2.0,2010.0,2025.0
Toyota,Land Cruiser Prado,Tiptronic,Petrol,2018,54072222.22221789,0.0,,
Toyota,Land Cruiser Prado,Tiptronic,Petrol,2019,54072222.222222224,0.0,,
Toyota,Land Cruiser Prado,Tiptronic,Petrol,2020,55000000.0,1.0,2010.0,2025.0
Toyota,Land Cruiser Prado,Tiptronic,Petrol,2021,57250000.0,1.0,2010.0,2025.0
Toyota,Land Cruiser Prado,Tiptronic,Petrol,2022,54072222.22223523,0.0,,
Toyota,Land Cruiser Prado,Tiptronic,Petrol,2023,55000000.0,5.0,2010.0,2025.0
Toyota,Land Cruiser Prado,Tiptronic,Petrol,2024,70000000.0,7.0,2010.0,2025.0
Toyota,Land Cruiser Prado,Tiptronic,Petrol,2025,62000000.0,1.0,2010.0,2025.0
Toyota,Land Cruiser Sahara,Automatic,Diesel,1995,18500000.0,1.0,1995.0,2024.0
Toyota,Land Cruiser Sahara,Automatic,Diesel,1996,71013928.57137357,0.0,,
Toyota,Land Cruiser Sahara,Automatic,Diesel,1997,71013928.57137695,0.0,,
Toyota,Land Cruiser Sahara,Automatic,Diesel,1998,71013928.57138032,0.0,,
Toyota,Land Cruiser Sahara,Automatic,Diesel,1999,26500000.0,1.0,1995.0,2024.0
Toyota,Land Cruiser Sahara,Automatic,Diesel,2000,71013928.57138708,0.0,,
Toyota,Land Cruiser Sahara,Automatic,Diesel,2001,71013928.57139045,0.0,,
Toyota,Land Cruiser Sahara,Automatic,Diesel,2002,71013928.57139383,0.0,,
Toyota,Land Cruiser Sahara,Automatic,Diesel,2003,31200000.0,1.0,1995.0,2024.0
Toyota,Land Cruiser Sahara,Automatic,Diesel,2004,71013928.57140058,0.0,,
Toyota,Land Cruiser Sahara,Automatic,Diesel,2005,71013928.57140397,0.0,,
Toyota,Land Cruiser Sahara,Automatic,Diesel,2006,71013928.57140733,0.0,,
Toyota,Land Cruiser Sahara,Automatic,Diesel,2007,71013928.57141072,0.0,,
Toyota,Land Cruiser Sahara,Automatic,Diesel,2008,71013928.5714141,0.0,,
Toyota,Land Cruiser Sahara,Automatic,Diesel,2009,71013928.57141747,0.0,,
Toyota,Land Cruiser Sahara,Automatic,Diesel,2010,55000000.0,1.0,1995.0,2024.0
Toyota,Land Cruiser Sahara,Automatic,Diesel,2011,62550000.0,3.0,1995.0,2024.0
Toyota,Land Cruiser Sahara,Automatic,Diesel,2012,62000000.0,1.0,1995.0,2024.0
Toyota,Land Cruiser Sahara,Automatic,Diesel,2013,57750000.0,4.0,1995.0,2024.0
Toyota,Land Cruiser Sahara,Automatic,Diesel,2014,64250000.0,2.0,1995.0,2024.0
Toyota,Land Cruiser Sahara,Automatic,Diesel,2015,92045000.0,2.0,1995.0,2024.0
Toyota,Land Cruiser Sahara,Automatic,Diesel,2016,79500000.0,7.0,1995.0,2024.0
Toyota,Land Cruiser Sahara,Automatic,Diesel,2017,105000000.0,1.0,1995.0,2024.0
Toyota,Land Cruiser Sahara,Automatic,Diesel,2018,71013928.57144786,0.0,,
Toyota,Land Cruiser Sahara,Automatic,Diesel,2019,71013928.57145123,0.0,,
Toyota,Land Cruiser Sahara,Automatic,Diesel,2020,120000000.0,1.0,1995.0,2024.0
Toyota,Land Cruiser Sahara,Automatic,Diesel,2021,71013928.571458,0.0,,
Toyota,Land Cruiser Sahara,Automatic,Diesel,2022,71013928.57146136,0.0,,
Toyota,Land Cruiser Sahara,Automatic,Diesel,2023,104900000.0,2.0,1995.0,2024.0
Toyota,Land Cruiser Sahara,Automatic,Diesel,2024,115000000.0,7.0,1995.0,2024.0
Toyota,Land Cruiser Sahara,Automatic,Petrol,2003,21700000.0,1.0,2003.0,2024.0
Toyota,Land Cruiser Sahara,Automatic,Petrol,2004,21000000.0,1.0,2003.0,2024.0
Toyota,Land Cruiser Sahara,Automatic,Petrol,2005,58727272.727251984,0.0,,
Toyota,Land Cruiser Sahara,Automatic,Petrol,2006,58727272.727254696,0.0,,
Toyota,Land Cruiser Sahara,Automatic,Petrol,2007,39550000.0,1.0,2003.0,2024.0
Toyota,Land Cruiser Sahara,Automatic,Petrol,2008,42500000.0,3.0,2003.0,2024.0
Toyota,Land Cruiser Sahara,Automatic,Petrol,2009,58727272.72726285,0.0,,
Toyota,Land Cruiser Sahara,Automatic,Petrol,2010,59000000.0,1.0,2003.0,2024.0
Toyota,Land Cruiser Sahara,Automatic,Petrol,2011,58727272.72726828,0.0,,
Toyota,Land Cruiser Sahara,Automatic,Petrol,2012,46000000.0,1.0,2003.0,2024.0
Toyota,Land Cruiser Sahara,Automatic,Petrol,2013,58727272.72727371,0.0,,
Toyota,Land Cruiser Sahara,Automatic,Petrol,2014,58727272.72727643,0.0,,
Toyota,Land Cruiser Sahara,Automatic,Petrol,2015,62500000.0,3.0,2003.0,2024.0
Toyota,Land Cruiser Sahara,Automatic,Petrol,2016,85000000.0,1.0,2003.0,2024.0
Toyota,Land Cruiser Sahara,Automatic,Petrol,2017,70500000.0,2.0,2003.0,2024.0
Toyota,Land Cruiser Sahara,Automatic,Petrol,2018,58727272.72728729,0.0,,
Toyota,Land Cruiser Sahara,Automatic,Petrol,2019,58727272.72729001,0.0,,
Toyota,Land Cruiser Sahara,Automatic,Petrol,2020,58727272.727292724,0.0,,
Toyota,Land Cruiser Sahara,Automatic,Petrol,2021,58727272.72729544,0.0,,
Toyota,Land Cruiser Sahara,Automatic,Petrol,2022,58727272.727298155,0.0,,
Toyota,Land Cruiser Sahara,Automatic,Petrol,2023,98750000.0,10.0,2003.0,2024.0
Toyota,Land Cruiser Sahara,Automatic,Petrol,2024,99500000.0,16.0,2003.0,2024.0
Toyota,Land Cruiser Sahara,Manual,Diesel,1999,25000000.0,1.0,1999.0,2017.0
Toyota,Land Cruiser Sahara,Manual,Diesel,2000,22500000.0,1.0,1999.0,2017.0
Toyota,Land Cruiser Sahara,Manual,Diesel,2001,36939999.999990374,0.0,,
Toyota,Land Cruiser Sahara,Manual,Diesel,2002,36939999.999992035,0.0,,
Toyota,Land Cruiser Sahara,Manual,Diesel,2003,36939999.99999369,0.0,,
Toyota,Land Cruiser Sahara,Manual,Diesel,2004,22500000.0,1.0,1999.0,2017.0
Toyota,Land Cruiser Sahara,Manual,Diesel,2005,36939999.99999701,0.0,,
Toyota,Land Cruiser Sahara,Manual,Diesel,2006,36939999.999998674,0.0,,
Toyota,Land Cruiser Sahara,Manual,Diesel,2007,36940000.00000033,0.0,,
Toyota,Land Cruiser Sahara,Manual,Diesel,2008,36940000.00000199,0.0,,
Toyota,Land Cruiser Sahara,Manual,Diesel,2009,36940000.00000365,0.0,,
Toyota,Land Cruiser Sahara,Manual,Diesel,2010,36940000.000005305,0.0,,
Toyota,Land Cruiser Sahara,Manual,Diesel,2011,36940000.00000697,0.0,,
Toyota,Land Cruiser Sahara,Manual,Diesel,2012,36940000.00000863,0.0,,
Toyota,Land Cruiser Sahara,Manual,Diesel,2013,36940000.00001029,0.0,,
Toyota,Land Cruiser Sahara,Manual,Diesel,2014,41200000.0,1.0,1999.0,2017.0
Toyota,Land Cruiser Sahara,Manual,Diesel,2015,36940000.000013605,0.0,,
Toyota,Land Cruiser Sahara,Manual,Diesel,2016,36940000.000015266,0.0,,
Toyota,Land Cruiser Sahara,Manual,Diesel,2017,73500000.0,1.0,1999.0,2017.0
Toyota,Land Cruiser Sahara,Tiptronic,Diesel,2011,57500000.0,1.0,2011.0,2024.0
Toyota,Land Cruiser Sahara,Tiptronic,Diesel,2012,73749999.99999595,0.0,,
Toyota,Land Cruiser Sahara,Tiptronic,Diesel,2013,57500000.0,1.0,2011.0,2024.0
Toyota,Land Cruiser Sahara,Tiptronic,Diesel,2014,65000000.0,1.0,2011.0,2024.0
Toyota,Land Cruiser Sahara,Tiptronic,Diesel,2015,73749999.99999933,0.0,,
Toyota,Land Cruiser Sahara,Tiptronic,Diesel,2016,78750000.0,2.0,2011.0,2024.0
Toyota,Land Cruiser Sahara,Tiptronic,Diesel,2017,73750000.00000158,0.0,,
Toyota,Land Cruiser Sahara,Tiptronic,Diesel,2018,73750000.0000027,0.0,,
Toyota,Land Cruiser Sahara,Tiptronic,Diesel,2019,73750000.00000383,0.0,,
Toyota,Land Cruiser Sahara,Tiptronic,Diesel,2020,73750000.00000496,0.0,,
Toyota,Land Cruiser Sahara,Tiptronic,Diesel,2021,73750000.00000608,0.0,,
Toyota,Land Cruiser Sahara,Tiptronic,Diesel,2022,73750000.00000721,0.0,,
Toyota,Land Cruiser Sahara,Tiptronic,Diesel,2023,73750000.00000833,0.0,,
Toyota,Land Cruiser Sahara,Tiptronic,Diesel,2024,110000000.0,3.0,2011.0,2024.0
Toyota,Land Cruiser Sahara,Tiptronic,Petrol,2003,22000000.0,1.0,2003.0,2024.0
Toyota,Land Cruiser Sahara,Tiptronic,Petrol,2004,69642857.142841,0.0,,
Toyota,Land Cruiser Sahara,Tiptronic,Petrol,2005,69642857.14284258,0.0,,
Toyota,Land Cruiser Sahara,Tiptronic,Petrol,2006,69642857.14284417,0.0,,
Toyota,Land Cruiser Sahara,Tiptronic,Petrol,2007,69642857.14284576,0.0,,
Toyota,Land Cruiser Sahara,Tiptronic,Petrol,2008,43500000.0,1.0,2003.0,2024.0
Toyota,Land Cruiser Sahara,Tiptronic,Petrol,2009,69642857.14284895,0.0,,
Toyota,Land Cruiser Sahara,Tiptronic,Petrol,2010,44500000.0,1.0,2003.0,2024.0
Toyota,Land Cruiser Sahara,Tiptronic,Petrol,2011,69642857.14285214,0.0,,
Toyota,Land Cruiser Sahara,Tiptronic,Petrol,2012,69642857.14285374,0.0,,
Toyota,Land Cruiser Sahara,Tiptronic,Petrol,2013,69642857.14285533,0.0,,
Toyota,Land Cruiser Sahara,Tiptronic,Petrol,2014,69642857.14285693,0.0,,
Toyota,Land Cruiser Sahara,Tiptronic,Petrol,2015,84500000.0,1.0,2003.0,2024.0
Toyota,Land Cruiser Sahara,Tiptronic,Petrol,2016,95000000.0,1.0,2003.0,2024.0
Toyota,Land Cruiser Sahara,Tiptronic,Petrol,2017,69642857.14286171,0.0,,
Toyota,Land Cruiser Sahara,Tiptronic,Petrol,2018,69642857.1428633,0.0,,
Toyota,Land Cruiser Sahara,Tiptronic,Petrol,2019,69642857.1428649,0.0,,
Toyota,Land Cruiser Sahara,Tiptronic,Petrol,2020,69642857.14286649,0.0,,
Toyota,Land Cruiser Sahara,Tiptronic,Petrol,2021,69642857.14286809,0.0,,
Toyota,Land Cruiser Sahara,Tiptronic,Petrol,2022,69642857.14286967,0.0,,
Toyota,Land Cruiser Sahara,Tiptronic,Petrol,2023,98500000.0,3.0,2003.0,2024.0
Toyota,Land Cruiser Sahara,Tiptronic,Petrol,2024,99500000.0,9.0,2003.0,2024.0
Toyota,Other Model,Automatic,Diesel,1996,2700000.0,1.0,1996.0,2024.0
Toyota,Other Model,Automatic,Diesel,1997,79399999.99998757,0.0,,
Toyota,Other Model,Automatic,Diesel,1998,79399999.99998829,0.0,,
Toyota,Other Model,Automatic,Diesel,1999,79399999.999989,0.0,,
Toyota,Other Model,Automatic,Diesel,2000,79399999.99998972,0.0,,
Toyota,Other Model,Automatic,Diesel,2001,79399999.99999043,0.0,,
Toyota,Other Model,Automatic,Diesel,2002,79399999.99999115,0.0,,
Toyota,Other Model,Automatic,Diesel,2003,79399999.99999186,0.0,,
Toyota,Other Model,Automatic,Diesel,2004,79399999.99999258,0.0,,
Toyota,Other Model,Automatic,Diesel,2005,79399999.99999331,0.0,,
Toyota,Other Model,Automatic,Diesel,2006,79399999.99999402,0.0,,
Toyota,Other Model,Automatic,Diesel,2007,79399999.99999474,0.0,,
Toyota,Other Model,Automatic,Diesel,2008,79399999.99999546,0.0,,
Toyota,Other Model,Automatic,Diesel,2009,79399999.99999617,0.0,,
Toyota,Other Model,Automatic,Diesel,2010,79399999.99999689,0.0,,
Toyota,Other Model,Automatic,Diesel,2011,79399999.9999976,0.0,,
Toyota,Other Model,Automatic,Diesel,2012,79399999.99999832,0.0,,
Toyota,Other Model,Automatic,Diesel,2013,79399999.99999905,0.0,,
Toyota,Other Model,Automatic,Diesel,2014,79399999.99999976,0.0,,
Toyota,Other Model,Automatic,Diesel,2015,79400000.00000048,0.0,,
Toyota,Other Model,Automatic,Diesel,2016,79400000.00000119,0.0,,
Toyota,Other Model,Automatic,Diesel,2017,79400000.0000019,0.0,,
Toyota,Other Model,Automatic,Diesel,2018,79400000.00000262,0.0,,
Toyota,Other Model,Automatic,Diesel,2019,79400000.00000334,0.0,,
Toyota,Other Model,Automatic,Diesel,2020,79400000.00000405,0.0,,
Toyota,Other Model,Automatic,Diesel,2021,79400000.00000478,0.0,,
Toyota,Other Model,Automatic,Diesel,2022,79400000.0000055,0.0,,
Toyota,Other Model,Automatic,Diesel,2023,117500000.0,1.0,1996.0,2024.0
Toyota,Other Model,Automatic,Diesel,2024,118000000.0,2.0,1996.0,2024.0
Toyota,Other Model,Automatic,Hybrid,2023,18950000.0,1.0,2023.0,2024.0
Toyota,Other Model,Automatic,Hybrid,2024,17375000.0,2.0,2023.0,2024.0
Toyota,Other Model,Automatic,Petrol,1999,4500000.0,1.0,1999.0,2025.0
Toyota,Other Model,Automatic,Petrol,2000,56042857.14283792,0.0,,
Toyota,Other Model,Automatic,Petrol,2001,3300000.0,1.0,1999.0,2025.0
Toyota,Other Model,Automatic,Petrol,2002,56042857.14284101,0.0,,
Toyota,Other Model,Automatic,Petrol,2003,56042857.14284255,0.0,,
Toyota,Other Model,Automatic,Petrol,2004,56042857.1428441,0.0,,
Toyota,Other Model,Automatic,Petrol,2005,56042857.14284565,0.0,,
Toyota,Other Model,Automatic,Petrol,2006,56042857.142847195,0.0,,
Toyota,Other Model,Automatic,Petrol,2007,28500000.0,1.0,1999.0,2025.0
Toyota,Other Model,Automatic,Petrol,2008,28500000.0,1.0,1999.0,2025.0
Toyota,Other Model,Automatic,Petrol,2009,56042857.14285184,0.0,,
Toyota,Other Model,Automatic,Petrol,2010,56042857.14285339,0.0,,
Toyota,Other Model,Automatic,Petrol,2011,56042857.14285494,0.0,,
Toyota,Other Model,Automatic,Petrol,2012,56042857.14285648,0.0,,
Toyota,Other Model,Automatic,Petrol,2013,56042857.14285803,0.0,,
Toyota,Other Model,Automatic,Petrol,2014,56042857.14285958,0.0,,
Toyota,Other Model,Automatic,Petrol,2015,56042857.14286112,0.0,,
Toyota,Other Model,Automatic,Petrol,2016,56042857.14286267,0.0,,
Toyota,Other Model,Automatic,Petrol,2017,56042857.14286421,0.0,,
Toyota,Other Model,Automatic,Petrol,2018,56042857.14286576,0.0,,
Toyota,Other Model,Automatic,Petrol,2019,56042857.14286731,0.0,,
Toyota,Other Model,Automatic,Petrol,2020,56042857.142868854,0.0,,
Toyota,Other Model,Automatic,Petrol,2021,56042857.142870404,0.0,,
Toyota,Other Model,Automatic,Petrol,2022,56042857.14287195,0.0,,
Toyota,Other Model,Automatic,Petrol,2023,104500000.0,1.0,1999.0,2025.0
Toyota,Other Model,Automatic,Petrol,2024,108000000.0,5.0,1999.0,2025.0
Toyota,Other Model,Automatic,Petrol,2025,115000000.0,1.0,1999.0,2025.0
Toyota,Other Model,Manual,Diesel,1998,5600000.0,1.0,1998.0,2003.0
Toyota,Other Model,Manual,Diesel,1999,13799999.999999085,0.0,,
Toyota,Other Model,Manual,Diesel,2000,13799999.999999695,0.0,,
Toyota,Other Model,Manual,Diesel,2001,13800000.000000305,0.0,,
Toyota,Other Model,Manual,Diesel,2002,13800000.000000915,0.0,,
Toyota,Other Model,Manual,Diesel,2003,22000000.0,1.0,1998.0,2003.0
Toyota,Other Model,Tiptronic,Petrol,2025,24900000.0,1.0,2025.0,2025.0
Toyota,Passo,Automatic,Petrol,2007,4682500.0,4.0,2007.0,2023.0
Toyota,Passo,Automatic,Petrol,2008,4995000.0,1.0,2007.0,2023.0
Toyota,Passo,Automatic,Petrol,2009,4850000.0,1.0,2007.0,2023.0
Toyota,Passo,Automatic,Petrol,2010,5675000.0,1.0,2007.0,2023.0
Toyota,Passo,Automatic,Petrol,2011,6302857.142811232,0.0,,
Toyota,Passo,Automatic,Petrol,2012,6302857.142835953,0.0,,
Toyota,Passo,Automatic,Petrol,2013,6302857.142860674,0.0,,
Toyota,Passo,Automatic,Petrol,2014,6302857.142885395,0.0,,
Toyota,Passo,Automatic,Petrol,2015,6302857.142910116,0.0,,
Toyota,Passo,Automatic,Petrol,2016,7490000.0,3.0,2007.0,2023.0
Toyota,Passo,Automatic,Petrol,2017,7490000.0,1.0,2007.0,2023.0
Toyota,Passo,Automatic,Petrol,2018,6302857.14298428,0.0,,
Toyota,Passo,Automatic,Petrol,2019,6302857.143009001,0.0,,
Toyota,Passo,Automatic,Petrol,2020,6302857.143033722,0.0,,
Toyota,Passo,Automatic,Petrol,2021,6302857.143058444,0.0,,
Toyota,Passo,Automatic,Petrol,2022,6302857.143083165,0.0,,
Toyota,Passo,Automatic,Petrol,2023,8937500.0,8.0,2007.0,2023.0
Toyota,Premio,Automatic,Petrol,2007,9625000.0,4.0,2007.0,2020.0
Toyota,Premio,Automatic,Petrol,2008,9800000.0,1.0,2007.0,2020.0
Toyota,Premio,Automatic,Petrol,2009,13796346.153772399,0.0,,
Toyota,Premio,Automatic,Petrol,2010,9875000.0,4.0,2007.0,2020.0
Toyota,Premio,Automatic,Petrol,2011,10390000.0,1.0,2007.0,2020.0
Toyota,Premio,Automatic,Petrol,2012,13087500.0,2.0,2007.0,2020.0
Toyota,Premio,Automatic,Petrol,2013,13500000.0,9.0,2007.0,2020.0
Toyota,Premio,Automatic,Petrol,2014,13600000.0,2.0,2007.0,2020.0
Toyota,Premio,Automatic,Petrol,2015,12500000.0,1.0,2007.0,2020.0
Toyota,Premio,Automatic,Petrol,2016,15350000.0,6.0,2007.0,2020.0
Toyota,Premio,Automatic,Petrol,2017,16250000.0,12.0,2007.0,2020.0
Toyota,Premio,Automatic,Petrol,2018,17375000.0,8.0,2007.0,2020.0
Toyota,Premio,Automatic,Petrol,2019,18875000.0,7.0,2007.0,2020.0
Toyota,Premio,Automatic,Petrol,2020,19125000.0,2.0,2007.0,2020.0
Toyota,Prius,Automatic,Hybrid,2010,10500000.0,1.0,2010.0,2025.0
Toyota,Prius,Automatic,Hybrid,2011,9375000.0,1.0,2010.0,2025.0
Toyota,Prius,Automatic,Hybrid,2012,9675000.0,1.0,2010.0,2025.0
Toyota,Prius,Automatic,Hybrid,2013,11000000.0,4.0,2010.0,2025.0
Toyota,Prius,Automatic,Hybrid,2014,11375000.0,4.0,2010.0,2025.0
Toyota,Prius,Automatic,Hybrid,2015,13125000.0,2.0,2010.0,2025.0
Toyota,Prius,Automatic,Hybrid,2016,15250000.0,4.0,2010.0,2025.0
Toyota,Prius,Automatic,Hybrid,2017,15444444.44445298,0.0,,
Toyota,Prius,Automatic,Hybrid,2018,15444444.44445889,0.0,,
Toyota,Prius,Automatic,Hybrid,2019,15444444.4444648,0.0,,
Toyota,Prius,Automatic,Hybrid,2020,15444444.444470711,0.0,,
Toyota,Prius,Automatic,Hybrid,2021,15444444.444476621,0.0,,
Toyota,Prius,Automatic,Hybrid,2022,15444444.444482531,0.0,,
Toyota,Prius,Automatic,Hybrid,2023,15444444.444488442,0.0,,
Toyota,Prius,Automatic,Hybrid,2024,28900000.0,3.0,2010.0,2025.0
Toyota,Prius,Automatic,Hybrid,2025,29800000.0,1.0,2010.0,2025.0
Toyota,Prius,Automatic,Petrol,2009,12400000.0,1.0,2009.0,2016.0
Toyota,Prius,Automatic,Petrol,2010,11934583.333322346,0.0,,
Toyota,Prius,Automatic,Petrol,2011,10712500.0,2.0,2009.0,2016.0
Toyota,Prius,Automatic,Petrol,2012,11934583.333329672,0.0,,
Toyota,Prius,Automatic,Petrol,2013,9850000.0,1.0,2009.0,2016.0
Toyota,Prius,Automatic,Petrol,2014,11000000.0,5.0,2009.0,2016.0
Toyota,Prius,Automatic,Petrol,2015,12650000.0,1.0,2009.0,2016.0
Toyota,Prius,Automatic,Petrol,2016,14995000.0,3.0,2009.0,2016.0
Toyota,Raize,Automatic,Hybrid,2023,12700000.0,1.0,2023.0,2025.0
Toyota,Raize,Automatic,Hybrid,2024,13472500.0,0.0,,
Toyota,Raize,Automatic,Hybrid,2025,14245000.0,2.0,2023.0,2025.0
Toyota,Raize,Automatic,Petrol,2020,14000000.0,1.0,2020.0,2025.0
Toyota,Raize,Automatic,Petrol,2021,13500000.0,1.0,2020.0,2025.0
Toyota,Raize,Automatic,Petrol,2022,14200000.0,1.0,2020.0,2025.0
Toyota,Raize,Automatic,Petrol,2023,13742500.0,12.0,2020.0,2025.0
Toyota,Raize,Automatic,Petrol,2024,13500000.0,6.0,2020.0,2025.0
Toyota,Raize,Automatic,Petrol,2025,15000000.0,3.0,2020.0,2025.0
Toyota,Raize,Tiptronic,Petrol,2023,13000000.0,1.0,2023.0,2023.0
Toyota,Roomy,Automatic,Petrol,2018,8950000.0,1.0,2018.0,2023.0
Toyota,Roomy,Automatic,Petrol,2019,10366666.666657187,0.0,,
Toyota,Roomy,Automatic,Petrol,2020,10366666.666661927,0.0,,
Toyota,Roomy,Automatic,Petrol,2021,10366666.666666666,0.0,,
Toyota,Roomy,Automatic,Petrol,2022,11650000.0,2.0,2018.0,2023.0
Toyota,Roomy,Automatic,Petrol,2023,10500000.0,10.0,2018.0,2023.0
Toyota,Vitz,Automatic,Petrol,1999,3890000.0,1.0,1999.0,2018.0
Toyota,Vitz,Automatic,Petrol,2000,4600000.0,1.0,1999.0,2018.0
Toyota,Vitz,Automatic,Petrol,2001,6285208.332933493,0.0,,
Toyota,Vitz,Automatic,Petrol,2002,4500000.0,1.0,1999.0,2018.0
Toyota,Vitz,Automatic,Petrol,2003,6285208.333027573,0.0,,
Toyota,Vitz,Automatic,Petrol,2004,6285208.333074613,0.0,,
Toyota,Vitz,Automatic,Petrol,2005,6285208.333121653,0.0,,
Toyota,Vitz,Automatic,Petrol,2006,6285208.333168693,0.0,,
Toyota,Vitz,Automatic,Petrol,2007,5450000.0,10.0,1999.0,2018.0
Toyota,Vitz,Automatic,Petrol,2008,5575000.0,7.0,1999.0,2018.0
Toyota,Vitz,Automatic,Petrol,2009,6300000.0,1.0,1999.0,2018.0
Toyota,Vitz,Automatic,Petrol,2010,5500000.0,1.0,1999.0,2018.0
Toyota,Vitz,Automatic,Petrol,2011,6285208.333403893,0.0,,
Toyota,Vitz,Automatic,Petrol,2012,6285208.333450933,0.0,,
Toyota,Vitz,Automatic,Petrol,2013,6895000.0,2.0,1999.0,2018.0
Toyota,Vitz,Automatic,Petrol,2014,6285208.333545012,0.0,,
Toyota,Vitz,Automatic,Petrol,2015,7600000.0,11.0,1999.0,2018.0
Toyota,Vitz,Automatic,Petrol,2016,7837500.0,16.0,1999.0,2018.0
Toyota,Vitz,Automatic,Petrol,2017,8400000.0,9.0,1999.0,2018.0
Toyota,Vitz,Automatic,Petrol,2018,8875000.0,11.0,1999.0,2018.0
Toyota,Vitz,Manual,Petrol,2000,5675000.0,1.0,2000.0,2000.0
Toyota,Voxy,Automatic,Hybrid,2014,18000000.0,4.0,2014.0,2025.0
Toyota,Voxy,Automatic,Hybrid,2015,17500000.0,1.0,2014.0,2025.0
Toyota,Voxy,Automatic,Hybrid,2016,24849999.999990407,0.0,,
Toyota,Voxy,Automatic,Hybrid,2017,24849999.999993145,0.0,,
Toyota,Voxy,Automatic,Hybrid,2018,24849999.999995887,0.0,,
Toyota,Voxy,Automatic,Hybrid,2019,24849999.99999863,0.0,,
Toyota,Voxy,Automatic,Hybrid,2020,24850000.00000137,0.0,,
Toyota,Voxy,Automatic,Hybrid,2021,24850000.000004113,0.0,,
Toyota,Voxy,Automatic,Hybrid,2022,24850000.000006855,0.0,,
Toyota,Voxy,Automatic,Hybrid,2023,24850000.000009593,0.0,,
Toyota,Voxy,Automatic,Hybrid,2024,29950000.0,5.0,2014.0,2025.0
Toyota,Voxy,Automatic,Hybrid,2025,33950000.0,1.0,2014.0,2025.0
Toyota,Voxy,Automatic,Petrol,2014,17950000.0,1.0,2014.0,2024.0
Toyota,Voxy,Automatic,Petrol,2015,17637500.0,2.0,2014.0,2024.0
Toyota,Voxy,Automatic,Petrol,2016,21829166.666662756,0.0,,
Toyota,Voxy,Automatic,Petrol,2017,21829166.666665103,0.0,,
Toyota,Voxy,Automatic,Petrol,2018,21829166.66666745,0.0,,
Toyota,Voxy,Automatic,Petrol,2019,21829166.6666698,0.0,,
Toyota,Voxy,Automatic,Petrol,2020,21829166.666672148,0.0,,
Toyota,Voxy,Automatic,Petrol,2021,21829166.666674495,0.0,,
Toyota,Voxy,Automatic,Petrol,2022,21829166.666676845,0.0,,
Toyota,Voxy,Automatic,Petrol,2023,21829166.666679192,0.0,,
Toyota,Voxy,Automatic,Petrol,2024,29900000.0,1.0,2014.0,2024.0
Toyota,Yaris,Automatic,Hybrid,2022,12162500.0,2.0,2022.0,2025.0
Toyota,Yaris,Automatic,Hybrid,2023,17900000.0,3.0,2022.0,2025.0
Toyota,Yaris,Automatic,Hybrid,2024,16550000.0,5.0,2022.0,2025.0
Toyota,Yaris,Automatic,Hybrid,2025,19000000.0,11.0,2022.0,2025.0
Toyota,Yaris,Automatic,Petrol,2007,6725000.0,2.0,2007.0,2025.0
Toyota,Yaris,Automatic,Petrol,2008,11164062.499875508,0.0,,
Toyota,Yaris,Automatic,Petrol,2009,11164062.499886956,0.0,,
Toyota,Yaris,Automatic,Petrol,2010,11164062.499898404,0.0,,
Toyota,Yaris,Automatic,Petrol,2011,7985000.0,1.0,2007.0,2025.0
Toyota,Yaris,Automatic,Petrol,2012,11164062.499921298,0.0,,
Toyota,Yaris,Automatic,Petrol,2013,11164062.499932745,0.0,,
Toyota,Yaris,Automatic,Petrol,2014,11164062.499944193,0.0,,
Toyota,Yaris,Automatic,Petrol,2015,11164062.499955641,0.0,,
Toyota,Yaris,Automatic,Petrol,2016,11164062.499967089,0.0,,
Toyota,Yaris,Automatic,Petrol,2017,11164062.499978537,0.0,,
Toyota,Yaris,Automatic,Petrol,2018,11164062.499989983,0.0,,
Toyota,Yaris,Automatic,Petrol,2019,12950000.0,3.0,2007.0,2025.0
Toyota,Yaris,Automatic,Petrol,2020,10750000.0,5.0,2007.0,2025.0
Toyota,Yaris,Automatic,Petrol,2021,11164062.500024326,0.0,,
Toyota,Yaris,Automatic,Petrol,2022,10582500.0,4.0,2007.0,2025.0
Toyota,Yaris,Automatic,Petrol,2023,10800000.0,24.0,2007.0,2025.0
Toyota,Yaris,Automatic,Petrol,2024,11370000.0,10.0,2007.0,2025.0
Toyota,Yaris,Automatic,Petrol,2025,18150000.0,10.0,2007.0,2025.0
Toyota,Yaris,Tiptronic,Hybrid,2025,20000000.0,3.0,2025.0,2025.0
Toyota,Yaris,Tiptronic,Petrol,2023,10450000.0,1.0,2023.0,2023.0
